6esq_H,6,6esq_L,94,11.146100044250488 
6esq_H,6,6esq_L,97,11.119405746459961 
6esq_H,9,6esq_L,94,10.038492202758789 
6esq_H,9,6esq_L,97,8.472478866577148 
6esq_H,9,6esq_L,98,8.6134614944458 
6esq_H,9,6esq_L,99,11.81096076965332 
6esq_H,9,6esq_L,100,11.062081336975098 
6esq_H,10,6esq_L,94,11.315256118774414 
6esq_H,10,6esq_L,96,11.710762023925781 
6esq_H,10,6esq_L,97,8.084919929504395 
6esq_H,10,6esq_L,98,7.869710922241211 
6esq_H,10,6esq_L,99,10.13850212097168 
6esq_H,10,6esq_L,100,8.796220779418945 
6esq_H,10,6esq_L,101,11.904629707336426 
6esq_H,10,6esq_L,102,10.997154235839844 
6esq_H,11,6esq_L,97,11.335890769958496 
6esq_H,11,6esq_L,98,10.147740364074707 
6esq_H,11,6esq_L,100,11.75857162475586 
6esq_H,12,6esq_L,94,11.90710163116455 
6esq_H,12,6esq_L,97,10.79833984375 
6esq_H,12,6esq_L,98,9.031294822692871 
6esq_H,13,6esq_L,53,11.98377513885498 
6esq_H,13,6esq_L,54,10.585858345031738 
6esq_H,13,6esq_L,57,9.804275512695312 
6esq_H,13,6esq_L,58,11.313304901123047 
6esq_H,13,6esq_L,61,11.654436111450195 
6esq_H,13,6esq_L,94,9.186141967773438 
6esq_H,13,6esq_L,95,9.636073112487793 
6esq_H,13,6esq_L,96,10.638925552368164 
6esq_H,13,6esq_L,97,7.798575401306152 
6esq_H,13,6esq_L,98,5.360002517700195 
6esq_H,13,6esq_L,99,8.360189437866211 
6esq_H,13,6esq_L,100,9.249372482299805 
6esq_H,14,6esq_L,57,11.032695770263672 
6esq_H,14,6esq_L,58,11.851310729980469 
6esq_H,14,6esq_L,61,10.816451072692871 
6esq_H,14,6esq_L,94,11.744768142700195 
6esq_H,14,6esq_L,95,11.312919616699219 
6esq_H,14,6esq_L,96,11.519326210021973 
6esq_H,14,6esq_L,97,8.878596305847168 
6esq_H,14,6esq_L,98,6.367176532745361 
6esq_H,14,6esq_L,99,7.7564287185668945 
6esq_H,14,6esq_L,100,8.090180397033691 
6esq_H,14,6esq_L,101,11.771234512329102 
6esq_H,15,6esq_L,98,10.074442863464355 
6esq_H,15,6esq_L,99,11.450121879577637 
6esq_H,15,6esq_L,100,11.47717571258545 
6esq_H,16,6esq_L,98,11.005626678466797 
6esq_H,16,6esq_L,99,11.935056686401367 
6esq_H,16,6esq_L,100,10.698745727539062 
6esq_H,47,6esq_L,99,11.836980819702148 
6esq_H,47,6esq_L,100,10.696849822998047 
6esq_H,66,6esq_L,48,11.637109756469727 
6esq_H,66,6esq_L,49,11.525564193725586 
6esq_H,67,6esq_L,48,9.588689804077148 
6esq_H,67,6esq_L,49,9.683560371398926 
6esq_H,68,6esq_L,48,10.059542655944824 
6esq_H,68,6esq_L,49,11.450453758239746 
6esq_H,68,6esq_L,342,10.63229751586914 
6esq_H,68,6esq_L,343,10.986052513122559 
6esq_H,68,6esq_L,345,11.721186637878418 
6esq_H,68,6esq_L,349,11.105894088745117 
6esq_H,69,6esq_L,47,9.80759334564209 
6esq_H,69,6esq_L,48,6.631068706512451 
6esq_H,69,6esq_L,49,8.802530288696289 
6esq_H,69,6esq_L,50,11.90180492401123 
6esq_H,69,6esq_L,339,10.25593376159668 
6esq_H,69,6esq_L,340,11.737992286682129 
6esq_H,69,6esq_L,341,11.318207740783691 
6esq_H,69,6esq_L,342,7.563583850860596 
6esq_H,69,6esq_L,343,7.2967848777771 
6esq_H,69,6esq_L,344,9.977179527282715 
6esq_H,69,6esq_L,345,8.85036563873291 
6esq_H,69,6esq_L,346,11.889455795288086 
6esq_H,69,6esq_L,347,10.988702774047852 
6esq_H,69,6esq_L,349,10.97943115234375 
6esq_H,70,6esq_L,47,8.944540023803711 
6esq_H,70,6esq_L,48,6.6703200340271 
6esq_H,70,6esq_L,49,7.919646263122559 
6esq_H,70,6esq_L,50,11.337539672851562 
6esq_H,70,6esq_L,339,10.974313735961914 
6esq_H,70,6esq_L,342,9.846929550170898 
6esq_H,70,6esq_L,343,8.774811744689941 
6esq_H,70,6esq_L,345,11.860920906066895 
6esq_H,71,6esq_L,48,10.135855674743652 
6esq_H,71,6esq_L,49,11.644539833068848 
6esq_H,71,6esq_L,339,11.404072761535645 
6esq_H,71,6esq_L,342,10.937068939208984 
6esq_H,71,6esq_L,343,10.999656677246094 
6esq_H,72,6esq_L,48,11.971882820129395 
6esq_H,73,6esq_L,48,11.28826904296875 
6esq_H,73,6esq_L,49,11.422174453735352 
6esq_H,89,6esq_L,49,10.704611778259277 
6esq_H,90,6esq_L,49,11.265624046325684 
6esq_H,91,6esq_L,14,11.879358291625977 
6esq_H,91,6esq_L,15,10.67710018157959 
6esq_H,91,6esq_L,16,11.672567367553711 
6esq_H,91,6esq_L,47,9.173223495483398 
6esq_H,91,6esq_L,48,10.379886627197266 
6esq_H,91,6esq_L,49,9.174935340881348 
6esq_H,91,6esq_L,50,10.8738431930542 
6esq_H,92,6esq_L,15,10.839844703674316 
6esq_H,92,6esq_L,16,11.537823677062988 
6esq_H,92,6esq_L,47,11.063019752502441 
6esq_H,92,6esq_L,333,10.83712100982666 
6esq_H,93,6esq_L,15,11.999403953552246 
6esq_H,93,6esq_L,16,11.791245460510254 
6esq_H,93,6esq_L,333,10.09613037109375 
6esq_H,105,6esq_L,58,10.640508651733398 
6esq_H,106,6esq_L,12,11.412348747253418 
6esq_H,106,6esq_L,14,11.800765991210938 
6esq_H,106,6esq_L,49,10.587475776672363 
6esq_H,106,6esq_L,50,10.209456443786621 
6esq_H,106,6esq_L,54,8.725197792053223 
6esq_H,106,6esq_L,55,10.197417259216309 
6esq_H,106,6esq_L,57,9.479645729064941 
6esq_H,106,6esq_L,58,7.699635982513428 
6esq_H,106,6esq_L,59,11.340119361877441 
6esq_H,106,6esq_L,61,10.452388763427734 
6esq_H,106,6esq_L,62,11.776734352111816 
6esq_H,106,6esq_L,98,11.005566596984863 
6esq_H,107,6esq_L,12,11.582594871520996 
6esq_H,107,6esq_L,49,9.254294395446777 
6esq_H,107,6esq_L,50,8.606561660766602 
6esq_H,107,6esq_L,51,10.2860746383667 
6esq_H,107,6esq_L,52,11.423103332519531 
6esq_H,107,6esq_L,53,9.08028507232666 
6esq_H,107,6esq_L,54,5.902373313903809 
6esq_H,107,6esq_L,55,8.4609956741333 
6esq_H,107,6esq_L,56,9.815378189086914 
6esq_H,107,6esq_L,57,7.1437668800354 
6esq_H,107,6esq_L,58,6.917749881744385 
6esq_H,107,6esq_L,59,10.636998176574707 
6esq_H,107,6esq_L,60,11.275495529174805 
6esq_H,107,6esq_L,61,10.00678825378418 
6esq_H,107,6esq_L,94,10.909825325012207 
6esq_H,107,6esq_L,95,10.200987815856934 
6esq_H,107,6esq_L,97,11.837897300720215 
6esq_H,107,6esq_L,98,8.321573257446289 
6esq_H,107,6esq_L,99,10.36702823638916 
6esq_H,108,6esq_L,14,11.567350387573242 
6esq_H,108,6esq_L,46,10.980765342712402 
6esq_H,108,6esq_L,47,9.480289459228516 
6esq_H,108,6esq_L,48,9.369962692260742 
6esq_H,108,6esq_L,49,5.676044940948486 
6esq_H,108,6esq_L,50,5.9279656410217285 
6esq_H,108,6esq_L,51,8.062333106994629 
6esq_H,108,6esq_L,52,10.314199447631836 
6esq_H,108,6esq_L,53,8.593859672546387 
6esq_H,108,6esq_L,54,5.594705581665039 
6esq_H,108,6esq_L,55,8.68761920928955 
6esq_H,108,6esq_L,56,10.835399627685547 
6esq_H,108,6esq_L,57,9.225105285644531 
6esq_H,108,6esq_L,58,9.337467193603516 
6esq_H,108,6esq_L,94,11.670982360839844 
6esq_H,108,6esq_L,95,11.8175630569458 
6esq_H,108,6esq_L,98,10.891509056091309 
6esq_H,109,6esq_L,46,11.36532974243164 
6esq_H,109,6esq_L,47,9.737173080444336 
6esq_H,109,6esq_L,48,8.19527530670166 
6esq_H,109,6esq_L,49,4.713267803192139 
6esq_H,109,6esq_L,50,6.108428001403809 
6esq_H,109,6esq_L,51,7.410470962524414 
6esq_H,109,6esq_L,52,10.230470657348633 
6esq_H,109,6esq_L,53,8.722965240478516 
6esq_H,109,6esq_L,54,7.047382831573486 
6esq_H,109,6esq_L,55,10.435300827026367 
6esq_H,109,6esq_L,57,11.390061378479004 
6esq_H,109,6esq_L,85,10.390440940856934 
6esq_H,109,6esq_L,94,11.6654052734375 
6esq_H,110,6esq_L,47,11.804352760314941 
6esq_H,110,6esq_L,48,9.733623504638672 
6esq_H,110,6esq_L,49,6.666588306427002 
6esq_H,110,6esq_L,50,9.3639497756958 
6esq_H,110,6esq_L,51,11.102663040161133 
6esq_H,110,6esq_L,54,10.628173828125 
6esq_H,111,6esq_L,48,10.132102966308594 
6esq_H,111,6esq_L,49,8.077776908874512 
6esq_H,111,6esq_L,50,10.922971725463867 
6esq_H,111,6esq_L,51,11.905628204345703 
6esq_H,112,6esq_L,48,11.366159439086914 
6esq_H,112,6esq_L,49,9.97614574432373 
6esq_H,112,6esq_L,85,10.790042877197266 
6esq_H,112,6esq_L,86,11.737310409545898 
6esq_H,116,6esq_L,86,11.873978614807129 
6esq_H,117,6esq_L,85,9.791336059570312 
6esq_H,117,6esq_L,86,8.942695617675781 
6esq_H,117,6esq_L,87,11.14387035369873 
6esq_H,117,6esq_L,89,11.322160720825195 
6esq_H,118,6esq_L,85,9.848464012145996 
6esq_H,118,6esq_L,86,8.96040153503418 
6esq_H,118,6esq_L,87,11.795654296875 
6esq_H,118,6esq_L,88,11.807973861694336 
6esq_H,118,6esq_L,89,9.837202072143555 
6esq_H,119,6esq_L,49,10.502573013305664 
6esq_H,119,6esq_L,50,11.483329772949219 
6esq_H,119,6esq_L,51,10.536723136901855 
6esq_H,119,6esq_L,53,10.459643363952637 
6esq_H,119,6esq_L,54,11.265911102294922 
6esq_H,119,6esq_L,84,11.91897964477539 
6esq_H,119,6esq_L,85,8.397746086120605 
6esq_H,119,6esq_L,86,8.916306495666504 
6esq_H,119,6esq_L,89,10.384700775146484 
6esq_H,119,6esq_L,91,11.257400512695312 
6esq_H,119,6esq_L,94,10.79116153717041 
6esq_H,120,6esq_L,49,10.506528854370117 
6esq_H,120,6esq_L,50,11.949076652526855 
6esq_H,120,6esq_L,51,11.9655179977417 
6esq_H,120,6esq_L,53,11.384882926940918 
6esq_H,120,6esq_L,54,11.238629341125488 
6esq_H,120,6esq_L,85,11.452147483825684 
6esq_H,120,6esq_L,94,10.71486759185791 
6esq_H,121,6esq_L,49,9.312889099121094 
6esq_H,121,6esq_L,50,10.044103622436523 
6esq_H,121,6esq_L,51,10.397342681884766 
6esq_H,121,6esq_L,53,9.131387710571289 
6esq_H,121,6esq_L,54,8.279036521911621 
6esq_H,121,6esq_L,57,10.82937240600586 
6esq_H,121,6esq_L,85,11.467961311340332 
6esq_H,121,6esq_L,91,11.463569641113281 
6esq_H,121,6esq_L,94,8.828450202941895 
6esq_H,121,6esq_L,95,10.727090835571289 
6esq_H,121,6esq_L,97,11.194948196411133 
6esq_H,121,6esq_L,98,9.51524543762207 
6esq_H,122,6esq_L,49,10.3250093460083 
6esq_H,122,6esq_L,50,11.310264587402344 
6esq_H,122,6esq_L,53,11.399803161621094 
6esq_H,122,6esq_L,54,9.478472709655762 
6esq_H,122,6esq_L,57,11.16907787322998 
6esq_H,122,6esq_L,94,10.856948852539062 
6esq_H,122,6esq_L,95,11.93409538269043 
6esq_H,122,6esq_L,97,11.628129005432129 
6esq_H,122,6esq_L,98,9.18779182434082 
6esq_H,123,6esq_L,49,10.573493003845215 
6esq_H,123,6esq_L,50,11.555246353149414 
6esq_H,123,6esq_L,54,10.201460838317871 
6esq_H,123,6esq_L,57,11.572526931762695 
6esq_H,123,6esq_L,58,11.441413879394531 
6esq_H,123,6esq_L,98,10.443520545959473 
6esq_H,124,6esq_L,49,9.46543025970459 
6esq_H,124,6esq_L,50,10.997424125671387 
6esq_H,124,6esq_L,54,11.33370590209961 
6esq_H,125,6esq_L,49,11.962794303894043 
6esq_H,126,6esq_L,15,11.155546188354492 
6esq_H,127,6esq_L,331,11.440367698669434 
6esq_H,128,6esq_L,323,11.907629013061523 
6esq_H,128,6esq_L,331,10.701531410217285 
6esq_H,129,6esq_L,327,11.855307579040527 
6esq_H,129,6esq_L,331,9.524877548217773 
6esq_H,130,6esq_L,15,9.938730239868164 
6esq_H,130,6esq_L,327,11.251667022705078 
6esq_H,130,6esq_L,328,11.03702449798584 
6esq_H,130,6esq_L,330,10.082486152648926 
6esq_H,130,6esq_L,331,6.923631191253662 
6esq_H,130,6esq_L,332,9.258295059204102 
6esq_H,130,6esq_L,333,9.611076354980469 
6esq_C,119,6esq_F,64,11.410563468933105 
6esq_C,119,6esq_F,65,10.7056245803833 
6esq_C,120,6esq_F,62,11.91628646850586 
6esq_C,120,6esq_F,63,10.89448070526123 
6esq_C,120,6esq_F,64,8.13674545288086 
6esq_C,120,6esq_F,65,8.351454734802246 
6esq_C,120,6esq_F,66,11.322892189025879 
6esq_C,121,6esq_F,63,11.807197570800781 
6esq_C,121,6esq_F,64,9.594608306884766 
6esq_C,121,6esq_F,65,11.090849876403809 
6esq_C,122,6esq_F,62,9.59191608428955 
6esq_C,122,6esq_F,63,8.56883716583252 
6esq_C,122,6esq_F,64,6.730780124664307 
6esq_C,122,6esq_F,65,9.283120155334473 
6esq_C,122,6esq_F,66,11.540675163269043 
6esq_C,123,6esq_F,62,11.709460258483887 
6esq_C,123,6esq_F,63,9.48115348815918 
6esq_C,123,6esq_F,64,6.4846978187561035 
6esq_C,123,6esq_F,65,8.441694259643555 
6esq_C,123,6esq_F,66,9.786128044128418 
6esq_C,123,6esq_F,67,11.470305442810059 
6esq_C,124,6esq_F,64,10.223523139953613 
6esq_C,125,6esq_F,64,10.72724723815918 
6esq_C,126,6esq_F,63,10.921987533569336 
6esq_C,126,6esq_F,64,9.153192520141602 
6esq_C,127,6esq_F,64,11.795568466186523 
6esq_C,130,6esq_F,29,11.457440376281738 
6esq_C,130,6esq_F,87,10.38103199005127 
6esq_C,131,6esq_F,6,11.783331871032715 
6esq_C,131,6esq_F,87,11.522656440734863 
6esq_C,132,6esq_F,3,11.80998420715332 
6esq_C,132,6esq_F,5,11.233516693115234 
6esq_C,132,6esq_F,6,9.296773910522461 
6esq_C,132,6esq_F,9,10.146360397338867 
6esq_C,132,6esq_F,11,10.571189880371094 
6esq_C,132,6esq_F,12,9.354948043823242 
6esq_C,132,6esq_F,28,11.938586235046387 
6esq_C,132,6esq_F,29,9.42962646484375 
6esq_C,132,6esq_F,86,11.62121295928955 
6esq_C,132,6esq_F,87,10.309297561645508 
6esq_C,132,6esq_F,88,11.264944076538086 
6esq_C,132,6esq_F,122,11.269679069519043 
6esq_C,133,6esq_F,6,11.793965339660645 
6esq_C,133,6esq_F,9,11.41440486907959 
6esq_C,133,6esq_F,11,10.008161544799805 
6esq_C,133,6esq_F,12,8.83149528503418 
6esq_C,133,6esq_F,15,11.528555870056152 
6esq_C,133,6esq_F,28,9.70655345916748 
6esq_C,133,6esq_F,29,7.89117431640625 
6esq_C,133,6esq_F,30,11.297005653381348 
6esq_C,133,6esq_F,75,11.952332496643066 
6esq_C,133,6esq_F,76,11.92652416229248 
6esq_C,133,6esq_F,77,11.014030456542969 
6esq_C,133,6esq_F,85,11.103018760681152 
6esq_C,133,6esq_F,86,7.9785966873168945 
6esq_C,133,6esq_F,87,6.641068458557129 
6esq_C,133,6esq_F,88,8.120396614074707 
6esq_C,133,6esq_F,89,11.101201057434082 
6esq_C,133,6esq_F,110,11.819644927978516 
6esq_C,133,6esq_F,122,10.539594650268555 
6esq_C,133,6esq_F,123,10.785280227661133 
6esq_C,134,6esq_F,12,11.851232528686523 
6esq_C,134,6esq_F,29,11.291191101074219 
6esq_C,134,6esq_F,75,9.50055980682373 
6esq_C,134,6esq_F,76,10.104683876037598 
6esq_C,134,6esq_F,77,9.933005332946777 
6esq_C,134,6esq_F,85,11.956033706665039 
6esq_C,134,6esq_F,86,8.89515495300293 
6esq_C,134,6esq_F,87,6.1081695556640625 
6esq_C,134,6esq_F,88,7.540688514709473 
6esq_C,134,6esq_F,89,9.85720443725586 
6esq_C,134,6esq_F,110,11.630645751953125 
6esq_C,135,6esq_F,63,10.406710624694824 
6esq_C,135,6esq_F,64,9.314397811889648 
6esq_C,135,6esq_F,66,10.469240188598633 
6esq_C,135,6esq_F,67,10.440882682800293 
6esq_C,135,6esq_F,75,10.722870826721191 
6esq_C,135,6esq_F,87,9.443595886230469 
6esq_C,135,6esq_F,88,9.775139808654785 
6esq_C,135,6esq_F,89,10.96416187286377 
6esq_C,135,6esq_F,110,10.759705543518066 
6esq_C,135,6esq_F,111,10.74122142791748 
6esq_C,136,6esq_F,2,11.831298828125 
6esq_C,136,6esq_F,6,10.646208763122559 
6esq_C,136,6esq_F,12,10.096070289611816 
6esq_C,136,6esq_F,63,11.891775131225586 
6esq_C,136,6esq_F,64,10.679842948913574 
6esq_C,136,6esq_F,66,9.81259822845459 
6esq_C,136,6esq_F,67,9.957925796508789 
6esq_C,136,6esq_F,75,11.307710647583008 
6esq_C,136,6esq_F,87,9.599987030029297 
6esq_C,136,6esq_F,88,8.934751510620117 
6esq_C,136,6esq_F,89,9.988037109375 
6esq_C,136,6esq_F,109,11.461572647094727 
6esq_C,136,6esq_F,110,7.8003997802734375 
6esq_C,136,6esq_F,111,8.18814468383789 
6esq_C,136,6esq_F,112,10.983794212341309 
6esq_C,136,6esq_F,113,11.19124698638916 
6esq_C,136,6esq_F,119,11.932638168334961 
6esq_C,136,6esq_F,120,8.987213134765625 
6esq_C,136,6esq_F,121,10.06843090057373 
6esq_C,136,6esq_F,122,9.24133014678955 
6esq_C,136,6esq_F,123,10.827784538269043 
6esq_C,136,6esq_F,124,11.626243591308594 
6esq_C,137,6esq_F,12,10.347501754760742 
6esq_C,137,6esq_F,60,11.602980613708496 
6esq_C,137,6esq_F,63,10.771512031555176 
6esq_C,137,6esq_F,64,10.786444664001465 
6esq_C,137,6esq_F,66,10.331732749938965 
6esq_C,137,6esq_F,67,9.018352508544922 
6esq_C,137,6esq_F,70,11.361692428588867 
6esq_C,137,6esq_F,73,10.749380111694336 
6esq_C,137,6esq_F,74,10.235696792602539 
6esq_C,137,6esq_F,75,7.790892124176025 
6esq_C,137,6esq_F,76,9.724983215332031 
6esq_C,137,6esq_F,77,11.047924995422363 
6esq_C,137,6esq_F,86,10.445405006408691 
6esq_C,137,6esq_F,87,7.319523334503174 
6esq_C,137,6esq_F,88,5.698999404907227 
6esq_C,137,6esq_F,89,6.244707107543945 
6esq_C,137,6esq_F,90,10.0164155960083 
6esq_C,137,6esq_F,108,11.152109146118164 
6esq_C,137,6esq_F,109,10.083876609802246 
6esq_C,137,6esq_F,110,6.354743480682373 
6esq_C,137,6esq_F,111,7.8459906578063965 
6esq_C,137,6esq_F,112,11.364312171936035 
6esq_C,137,6esq_F,120,9.829055786132812 
6esq_C,137,6esq_F,121,9.9050931930542 
6esq_C,137,6esq_F,122,8.463391304016113 
6esq_C,137,6esq_F,123,8.954794883728027 
6esq_C,137,6esq_F,124,8.67095947265625 
6esq_C,137,6esq_F,125,11.431378364562988 
6esq_C,138,6esq_F,58,11.24302864074707 
6esq_C,138,6esq_F,59,11.007801055908203 
6esq_C,138,6esq_F,60,8.77542781829834 
6esq_C,138,6esq_F,61,11.323888778686523 
6esq_C,138,6esq_F,62,10.451903343200684 
6esq_C,138,6esq_F,63,7.08898401260376 
6esq_C,138,6esq_F,64,7.345080852508545 
6esq_C,138,6esq_F,65,9.879100799560547 
6esq_C,138,6esq_F,66,8.22830867767334 
6esq_C,138,6esq_F,67,6.562399864196777 
6esq_C,138,6esq_F,68,9.814735412597656 
6esq_C,138,6esq_F,69,11.501376152038574 
6esq_C,138,6esq_F,70,9.590263366699219 
6esq_C,138,6esq_F,71,10.52420425415039 
6esq_C,138,6esq_F,72,11.283890724182129 
6esq_C,138,6esq_F,73,9.118555068969727 
6esq_C,138,6esq_F,74,9.420244216918945 
6esq_C,138,6esq_F,75,7.436213493347168 
6esq_C,138,6esq_F,76,10.346243858337402 
6esq_C,138,6esq_F,87,9.4529390335083 
6esq_C,138,6esq_F,88,8.135696411132812 
6esq_C,138,6esq_F,89,7.567971706390381 
6esq_C,138,6esq_F,90,11.070728302001953 
6esq_C,138,6esq_F,109,11.807658195495605 
6esq_C,138,6esq_F,110,8.017362594604492 
6esq_C,138,6esq_F,111,8.032456398010254 
6esq_C,138,6esq_F,112,11.090947151184082 
6esq_C,138,6esq_F,120,11.612401962280273 
6esq_C,138,6esq_F,122,11.774879455566406 
6esq_C,138,6esq_F,124,11.344347953796387 
6esq_C,139,6esq_F,57,10.600716590881348 
6esq_C,139,6esq_F,58,9.283782958984375 
6esq_C,139,6esq_F,59,10.118844032287598 
6esq_C,139,6esq_F,60,8.297734260559082 
6esq_C,139,6esq_F,61,11.372734069824219 
6esq_C,139,6esq_F,62,10.556172370910645 
6esq_C,139,6esq_F,63,8.104074478149414 
6esq_C,139,6esq_F,64,8.889124870300293 
6esq_C,139,6esq_F,66,11.439675331115723 
6esq_C,139,6esq_F,67,9.821735382080078 
6esq_C,139,6esq_F,73,10.331488609313965 
6esq_C,139,6esq_F,74,9.576894760131836 
6esq_C,139,6esq_F,75,6.711466312408447 
6esq_C,139,6esq_F,76,8.86071491241455 
6esq_C,139,6esq_F,77,10.358723640441895 
6esq_C,139,6esq_F,86,11.764978408813477 
6esq_C,139,6esq_F,87,8.088441848754883 
6esq_C,139,6esq_F,88,8.223913192749023 
6esq_C,139,6esq_F,89,8.647613525390625 
6esq_C,139,6esq_F,90,11.864628791809082 
6esq_C,139,6esq_F,110,11.415410995483398 
6esq_C,139,6esq_F,111,11.836324691772461 
6esq_C,140,6esq_F,58,10.219253540039062 
6esq_C,140,6esq_F,59,10.813575744628906 
6esq_C,140,6esq_F,60,8.323958396911621 
6esq_C,140,6esq_F,61,10.562220573425293 
6esq_C,140,6esq_F,62,8.856976509094238 
6esq_C,140,6esq_F,63,7.176403999328613 
6esq_C,140,6esq_F,64,7.7943010330200195 
6esq_C,140,6esq_F,65,11.591450691223145 
6esq_C,140,6esq_F,66,11.949007987976074 
6esq_C,140,6esq_F,67,10.78238582611084 
6esq_C,140,6esq_F,74,11.808889389038086 
6esq_C,140,6esq_F,75,9.493267059326172 
6esq_C,140,6esq_F,76,11.668067932128906 
6esq_C,140,6esq_F,87,11.445181846618652 
6esq_C,140,6esq_F,88,11.969898223876953 
6esq_C,141,6esq_F,58,11.09627628326416 
6esq_C,141,6esq_F,60,10.505205154418945 
6esq_C,141,6esq_F,62,10.917387962341309 
6esq_C,141,6esq_F,63,10.24724006652832 
6esq_C,141,6esq_F,64,10.871661186218262 
6esq_C,141,6esq_F,75,11.716636657714844 
6esq_C,142,6esq_F,57,11.781356811523438 
6esq_C,142,6esq_F,58,9.094035148620605 
6esq_C,142,6esq_F,59,9.986002922058105 
6esq_C,142,6esq_F,60,8.277557373046875 
6esq_C,142,6esq_F,61,9.908295631408691 
6esq_C,142,6esq_F,62,8.865200996398926 
6esq_C,142,6esq_F,63,9.486176490783691 
6esq_C,142,6esq_F,64,11.261942863464355 
6esq_C,142,6esq_F,75,11.225509643554688 
6esq_C,143,6esq_F,56,10.865130424499512 
6esq_C,143,6esq_F,57,8.328219413757324 
6esq_C,143,6esq_F,58,5.824936866760254 
6esq_C,143,6esq_F,59,7.255222320556641 
6esq_C,143,6esq_F,60,6.253319263458252 
6esq_C,143,6esq_F,61,9.171806335449219 
6esq_C,143,6esq_F,62,9.178326606750488 
6esq_C,143,6esq_F,63,9.06733512878418 
6esq_C,143,6esq_F,64,11.341801643371582 
6esq_C,143,6esq_F,72,11.747243881225586 
6esq_C,143,6esq_F,73,10.651565551757812 
6esq_C,143,6esq_F,74,9.466154098510742 
6esq_C,143,6esq_F,75,7.551249027252197 
6esq_C,143,6esq_F,76,9.130041122436523 
6esq_C,143,6esq_F,77,10.935078620910645 
6esq_C,143,6esq_F,87,11.11655330657959 
6esq_C,143,6esq_F,88,11.736608505249023 
6esq_C,143,6esq_F,89,11.591317176818848 
6esq_C,144,6esq_F,56,9.942273139953613 
6esq_C,144,6esq_F,57,8.683073043823242 
6esq_C,144,6esq_F,58,7.731940269470215 
6esq_C,144,6esq_F,59,10.311714172363281 
6esq_C,144,6esq_F,60,9.881457328796387 
6esq_C,144,6esq_F,74,11.663663864135742 
6esq_C,144,6esq_F,75,8.814749717712402 
6esq_C,144,6esq_F,76,9.021598815917969 
6esq_C,144,6esq_F,77,9.456418991088867 
6esq_C,144,6esq_F,87,9.658636093139648 
6esq_C,144,6esq_F,88,11.48230266571045 
6esq_C,145,6esq_F,56,10.917880058288574 
6esq_C,145,6esq_F,57,10.119630813598633 
6esq_C,145,6esq_F,58,8.918967247009277 
6esq_C,145,6esq_F,59,11.522480010986328 
6esq_C,145,6esq_F,60,11.425993919372559 
6esq_C,145,6esq_F,75,11.729823112487793 
6esq_C,145,6esq_F,76,11.683405876159668 
6esq_C,145,6esq_F,77,11.996870994567871 
6esq_C,146,6esq_F,56,9.266050338745117 
6esq_C,146,6esq_F,57,7.73665714263916 
6esq_C,146,6esq_F,58,5.926689147949219 
6esq_C,146,6esq_F,59,8.437824249267578 
6esq_C,146,6esq_F,60,9.18101692199707 
6esq_C,146,6esq_F,61,11.647561073303223 
6esq_C,146,6esq_F,74,11.549460411071777 
6esq_C,146,6esq_F,75,10.112518310546875 
6esq_C,146,6esq_F,76,10.281071662902832 
6esq_C,146,6esq_F,77,11.485527038574219 
6esq_C,147,6esq_F,54,11.0693359375 
6esq_C,147,6esq_F,55,9.27049446105957 
6esq_C,147,6esq_F,56,5.770535945892334 
6esq_C,147,6esq_F,57,5.17893123626709 
6esq_C,147,6esq_F,58,5.407678127288818 
6esq_C,147,6esq_F,59,9.00687313079834 
6esq_C,147,6esq_F,60,10.485269546508789 
6esq_C,147,6esq_F,74,10.69444751739502 
6esq_C,147,6esq_F,75,8.658635139465332 
6esq_C,147,6esq_F,76,7.54517936706543 
6esq_C,147,6esq_F,77,8.055232048034668 
6esq_C,147,6esq_F,78,11.473443031311035 
6esq_C,147,6esq_F,87,10.59557819366455 
6esq_C,147,6esq_F,98,11.68907356262207 
6esq_C,147,6esq_F,99,10.496088981628418 
6esq_C,148,6esq_F,55,10.57287311553955 
6esq_C,148,6esq_F,56,7.811656475067139 
6esq_C,148,6esq_F,57,8.64672565460205 
6esq_C,148,6esq_F,58,9.14140510559082 
6esq_C,148,6esq_F,76,10.78761100769043 
6esq_C,148,6esq_F,77,10.211417198181152 
6esq_C,149,6esq_F,56,9.307756423950195 
6esq_C,149,6esq_F,57,9.58942699432373 
6esq_C,149,6esq_F,58,9.305476188659668 
6esq_C,150,6esq_F,54,11.843652725219727 
6esq_C,150,6esq_F,55,9.964146614074707 
6esq_C,150,6esq_F,56,6.696429252624512 
6esq_C,150,6esq_F,57,7.127645492553711 
6esq_C,150,6esq_F,58,7.646000385284424 
6esq_C,150,6esq_F,59,10.693381309509277 
6esq_C,150,6esq_F,76,10.784942626953125 
6esq_C,150,6esq_F,77,11.302465438842773 
6esq_C,150,6esq_F,98,10.143656730651855 
6esq_C,150,6esq_F,99,9.069517135620117 
6esq_C,151,6esq_F,54,10.720744132995605 
6esq_C,151,6esq_F,55,7.874238014221191 
6esq_C,151,6esq_F,56,5.735936641693115 
6esq_C,151,6esq_F,57,8.05574893951416 
6esq_C,151,6esq_F,58,9.90677261352539 
6esq_C,151,6esq_F,76,10.935434341430664 
6esq_C,151,6esq_F,77,10.213900566101074 
6esq_C,151,6esq_F,98,10.838544845581055 
6esq_C,151,6esq_F,99,8.459936141967773 
6esq_C,151,6esq_F,100,11.339972496032715 
6esq_C,152,6esq_F,55,11.440409660339355 
6esq_C,152,6esq_F,56,9.506509780883789 
6esq_C,152,6esq_F,57,11.488059997558594 
6esq_C,152,6esq_F,99,11.770448684692383 
6esq_C,153,6esq_F,56,10.414299964904785 
6esq_C,153,6esq_F,57,11.80037784576416 
6esq_C,153,6esq_F,99,11.153060913085938 
6esq_C,154,6esq_F,55,10.187451362609863 
6esq_C,154,6esq_F,56,8.849508285522461 
6esq_C,154,6esq_F,57,11.015521049499512 
6esq_C,154,6esq_F,98,10.243577003479004 
6esq_C,154,6esq_F,99,8.285009384155273 
6esq_C,154,6esq_F,100,10.846527099609375 
6esq_C,155,6esq_F,55,11.235111236572266 
6esq_C,155,6esq_F,56,10.7772216796875 
6esq_C,155,6esq_F,99,10.848884582519531 
6esq_C,195,6esq_F,60,11.714351654052734 
6esq_C,195,6esq_F,61,8.952804565429688 
6esq_C,195,6esq_F,62,9.737452507019043 
6esq_C,196,6esq_F,58,11.088532447814941 
6esq_C,196,6esq_F,59,9.024092674255371 
6esq_C,196,6esq_F,60,8.314352989196777 
6esq_C,196,6esq_F,61,6.287558555603027 
6esq_C,196,6esq_F,62,7.981813430786133 
6esq_C,196,6esq_F,63,11.486547470092773 
6esq_C,196,6esq_F,71,11.8137845993042 
6esq_C,196,6esq_F,72,10.295268058776855 
6esq_C,197,6esq_F,58,9.831968307495117 
6esq_C,197,6esq_F,59,8.23326587677002 
6esq_C,197,6esq_F,60,6.333879470825195 
6esq_C,197,6esq_F,61,5.054192543029785 
6esq_C,197,6esq_F,62,5.3455963134765625 
6esq_C,197,6esq_F,63,8.536635398864746 
6esq_C,197,6esq_F,64,11.603486061096191 
6esq_C,197,6esq_F,71,10.855236053466797 
6esq_C,197,6esq_F,72,9.85953140258789 
6esq_C,197,6esq_F,73,11.511995315551758 
6esq_C,198,6esq_F,57,9.728697776794434 
6esq_C,198,6esq_F,58,6.053354740142822 
6esq_C,198,6esq_F,59,5.22753381729126 
6esq_C,198,6esq_F,60,4.467741012573242 
6esq_C,198,6esq_F,61,5.718266010284424 
6esq_C,198,6esq_F,62,7.088076114654541 
6esq_C,198,6esq_F,63,8.966878890991211 
6esq_C,198,6esq_F,71,10.79793643951416 
6esq_C,198,6esq_F,72,9.220973014831543 
6esq_C,198,6esq_F,73,9.676314353942871 
6esq_C,198,6esq_F,74,9.489974021911621 
6esq_C,198,6esq_F,75,9.589432716369629 
6esq_C,198,6esq_F,76,11.72187328338623 
6esq_C,198,6esq_F,94,11.99924087524414 
6esq_C,199,6esq_F,56,11.512524604797363 
6esq_C,199,6esq_F,57,8.623398780822754 
6esq_C,199,6esq_F,58,5.390444755554199 
6esq_C,199,6esq_F,59,4.948990821838379 
6esq_C,199,6esq_F,60,6.617369174957275 
6esq_C,199,6esq_F,61,7.847479820251465 
6esq_C,199,6esq_F,62,10.271706581115723 
6esq_C,199,6esq_F,72,10.149822235107422 
6esq_C,199,6esq_F,73,10.466293334960938 
6esq_C,199,6esq_F,74,9.554230690002441 
6esq_C,199,6esq_F,75,10.28560733795166 
6esq_C,199,6esq_F,76,11.62990665435791 
6esq_C,199,6esq_F,94,10.404458999633789 
6esq_C,199,6esq_F,95,11.531421661376953 
6esq_C,199,6esq_F,97,11.775944709777832 
6esq_C,200,6esq_F,56,11.688735961914062 
6esq_C,200,6esq_F,57,9.628265380859375 
6esq_C,200,6esq_F,58,7.17269229888916 
6esq_C,200,6esq_F,59,7.752190589904785 
6esq_C,200,6esq_F,60,9.525290489196777 
6esq_C,200,6esq_F,61,10.5947265625 
6esq_C,201,6esq_F,57,11.900099754333496 
6esq_C,201,6esq_F,58,8.966437339782715 
6esq_C,201,6esq_F,59,9.286245346069336 
6esq_C,201,6esq_F,60,9.581952095031738 
6esq_C,201,6esq_F,61,10.04470157623291 
6esq_C,201,6esq_F,62,11.123616218566895 
6esq_C,202,6esq_F,58,11.842385292053223 
6esq_C,202,6esq_F,59,11.093605995178223 
6esq_C,202,6esq_F,60,10.61638355255127 
6esq_C,202,6esq_F,61,9.636282920837402 
6esq_C,202,6esq_F,62,10.365007400512695 
6esq_C,203,6esq_F,61,10.51026439666748 
6esq_C,203,6esq_F,62,9.950552940368652 
6esq_C,245,6esq_F,35,10.986393928527832 
6esq_C,247,6esq_F,28,10.903938293457031 
6esq_C,247,6esq_F,29,10.307605743408203 
6esq_C,247,6esq_F,77,10.640832901000977 
6esq_C,247,6esq_F,85,10.21928596496582 
6esq_C,247,6esq_F,86,9.216657638549805 
6esq_C,247,6esq_F,87,8.579565048217773 
6esq_C,247,6esq_F,88,11.979103088378906 
6esq_C,248,6esq_F,55,11.887269973754883 
6esq_C,248,6esq_F,56,11.037193298339844 
6esq_C,248,6esq_F,57,11.90135383605957 
6esq_C,248,6esq_F,76,10.755646705627441 
6esq_C,248,6esq_F,77,8.5660400390625 
6esq_C,248,6esq_F,78,11.546157836914062 
6esq_C,248,6esq_F,85,9.298857688903809 
6esq_C,248,6esq_F,86,8.97187614440918 
6esq_C,248,6esq_F,87,8.153690338134766 
6esq_C,248,6esq_F,88,11.691096305847168 
6esq_C,249,6esq_F,27,11.313742637634277 
6esq_C,249,6esq_F,28,9.608763694763184 
6esq_C,249,6esq_F,29,10.470172882080078 
6esq_C,249,6esq_F,54,11.652604103088379 
6esq_C,249,6esq_F,55,9.370861053466797 
6esq_C,249,6esq_F,56,9.632243156433105 
6esq_C,249,6esq_F,57,11.09766960144043 
6esq_C,249,6esq_F,75,11.741437911987305 
6esq_C,249,6esq_F,76,9.271339416503906 
6esq_C,249,6esq_F,77,6.1592206954956055 
6esq_C,249,6esq_F,78,8.283242225646973 
6esq_C,249,6esq_F,79,8.805638313293457 
6esq_C,249,6esq_F,80,11.196406364440918 
6esq_C,249,6esq_F,83,11.4028902053833 
6esq_C,249,6esq_F,84,8.348074913024902 
6esq_C,249,6esq_F,85,5.453018665313721 
6esq_C,249,6esq_F,86,5.672298908233643 
6esq_C,249,6esq_F,87,6.184191703796387 
6esq_C,249,6esq_F,88,9.909605026245117 
6esq_C,250,6esq_F,26,11.957273483276367 
6esq_C,250,6esq_F,27,9.19521427154541 
6esq_C,250,6esq_F,28,8.44392204284668 
6esq_C,250,6esq_F,29,9.411894798278809 
6esq_C,250,6esq_F,30,11.968791007995605 
6esq_C,250,6esq_F,35,11.073460578918457 
6esq_C,250,6esq_F,77,9.798701286315918 
6esq_C,250,6esq_F,78,11.141873359680176 
6esq_C,250,6esq_F,79,10.598851203918457 
6esq_C,250,6esq_F,83,10.920315742492676 
6esq_C,250,6esq_F,84,7.868868827819824 
6esq_C,250,6esq_F,85,6.6740546226501465 
6esq_C,250,6esq_F,86,7.831540584564209 
6esq_C,250,6esq_F,87,9.325845718383789 
6esq_C,251,6esq_F,77,11.007986068725586 
6esq_C,251,6esq_F,79,11.944570541381836 
6esq_C,251,6esq_F,84,10.22158145904541 
6esq_C,251,6esq_F,85,8.92611312866211 
6esq_C,251,6esq_F,86,10.679669380187988 
6esq_C,251,6esq_F,87,11.720600128173828 
6esq_C,252,6esq_F,79,11.809051513671875 
6esq_C,252,6esq_F,83,11.300028800964355 
6esq_C,252,6esq_F,84,10.174556732177734 
6esq_C,252,6esq_F,85,9.717700004577637 
6esq_C,253,6esq_F,55,11.245047569274902 
6esq_C,253,6esq_F,56,11.765024185180664 
6esq_C,253,6esq_F,85,11.301426887512207 
6esq_C,254,6esq_F,55,10.340675354003906 
6esq_C,254,6esq_F,56,9.651008605957031 
6esq_C,254,6esq_F,77,10.439839363098145 
6esq_C,254,6esq_F,85,11.290453910827637 
6esq_C,255,6esq_F,56,10.871480941772461 
6esq_A,1,6esq_C,1,8.149507522583008 
6esq_A,1,6esq_C,2,9.44719409942627 
6esq_A,1,6esq_C,97,11.522529602050781 
6esq_A,1,6esq_C,98,10.952176094055176 
6esq_A,1,6esq_C,99,10.69654655456543 
6esq_A,1,6esq_C,100,8.782510757446289 
6esq_A,1,6esq_C,101,5.860077857971191 
6esq_A,1,6esq_C,102,6.084039211273193 
6esq_A,1,6esq_C,103,8.10749340057373 
6esq_A,1,6esq_C,104,11.218424797058105 
6esq_A,2,6esq_C,1,9.427331924438477 
6esq_A,2,6esq_C,2,11.859219551086426 
6esq_A,2,6esq_C,100,10.782694816589355 
6esq_A,2,6esq_C,101,7.798060417175293 
6esq_A,2,6esq_C,102,9.397844314575195 
6esq_A,2,6esq_C,103,10.85153865814209 
6esq_A,3,6esq_C,101,10.31836986541748 
6esq_A,3,6esq_C,102,11.651857376098633 
6esq_A,4,6esq_C,101,11.202502250671387 
6esq_A,21,6esq_C,132,10.760031700134277 
6esq_A,22,6esq_C,131,11.58980655670166 
6esq_A,22,6esq_C,132,10.921331405639648 
6esq_A,23,6esq_C,130,11.725515365600586 
6esq_A,23,6esq_C,131,11.80640697479248 
6esq_A,23,6esq_C,132,10.907179832458496 
6esq_A,45,6esq_C,240,11.76953411102295 
6esq_A,45,6esq_C,241,10.77563190460205 
6esq_A,45,6esq_C,242,10.386924743652344 
6esq_A,45,6esq_C,243,11.551102638244629 
6esq_A,46,6esq_C,240,10.929125785827637 
6esq_A,46,6esq_C,241,9.211725234985352 
6esq_A,46,6esq_C,242,9.165000915527344 
6esq_A,46,6esq_C,243,9.834251403808594 
6esq_A,47,6esq_C,241,10.971100807189941 
6esq_A,47,6esq_C,242,10.698486328125 
6esq_A,47,6esq_C,243,10.165945053100586 
6esq_A,48,6esq_C,81,9.900707244873047 
6esq_A,48,6esq_C,82,10.711321830749512 
6esq_A,48,6esq_C,83,11.345087051391602 
6esq_A,48,6esq_C,90,11.614723205566406 
6esq_A,48,6esq_C,94,10.89229965209961 
6esq_A,49,6esq_C,80,11.821253776550293 
6esq_A,49,6esq_C,81,9.861936569213867 
6esq_A,49,6esq_C,82,10.044322967529297 
6esq_A,49,6esq_C,83,11.074048042297363 
6esq_A,50,6esq_C,79,11.172950744628906 
6esq_A,50,6esq_C,80,10.369539260864258 
6esq_A,50,6esq_C,81,9.622980117797852 
6esq_A,50,6esq_C,82,10.362281799316406 
6esq_A,51,6esq_C,53,11.969804763793945 
6esq_A,51,6esq_C,61,10.841614723205566 
6esq_A,51,6esq_C,62,10.891972541809082 
6esq_A,51,6esq_C,80,10.619040489196777 
6esq_A,51,6esq_C,81,10.112618446350098 
6esq_A,51,6esq_C,82,9.840243339538574 
6esq_A,51,6esq_C,83,11.991706848144531 
6esq_A,52,6esq_C,53,10.79526138305664 
6esq_A,52,6esq_C,54,10.757539749145508 
6esq_A,52,6esq_C,55,9.731229782104492 
6esq_A,52,6esq_C,60,11.136102676391602 
6esq_A,52,6esq_C,61,7.4789204597473145 
6esq_A,52,6esq_C,62,7.81242561340332 
6esq_A,52,6esq_C,63,10.360862731933594 
6esq_A,52,6esq_C,64,11.665386199951172 
6esq_A,52,6esq_C,79,11.974286079406738 
6esq_A,52,6esq_C,80,10.128070831298828 
6esq_A,52,6esq_C,81,10.854229927062988 
6esq_A,52,6esq_C,82,10.866170883178711 
6esq_A,53,6esq_C,51,11.97869873046875 
6esq_A,53,6esq_C,52,10.82076644897461 
6esq_A,53,6esq_C,53,8.536739349365234 
6esq_A,53,6esq_C,54,8.95943546295166 
6esq_A,53,6esq_C,55,7.109035968780518 
6esq_A,53,6esq_C,56,9.487298965454102 
6esq_A,53,6esq_C,59,10.747451782226562 
6esq_A,53,6esq_C,60,9.892034530639648 
6esq_A,53,6esq_C,61,7.070030212402344 
6esq_A,53,6esq_C,62,9.12702751159668 
6esq_A,53,6esq_C,63,10.99359130859375 
6esq_A,53,6esq_C,80,11.643564224243164 
6esq_A,53,6esq_C,81,11.938450813293457 
6esq_A,53,6esq_C,82,10.804795265197754 
6esq_A,53,6esq_C,127,11.958049774169922 
6esq_A,54,6esq_C,52,10.77978515625 
6esq_A,54,6esq_C,53,8.976544380187988 
6esq_A,54,6esq_C,54,10.748350143432617 
6esq_A,54,6esq_C,55,8.977409362792969 
6esq_A,54,6esq_C,56,9.94512939453125 
6esq_A,54,6esq_C,61,10.464242935180664 
6esq_A,54,6esq_C,82,10.739068984985352 
6esq_A,54,6esq_C,83,11.932679176330566 
6esq_A,54,6esq_C,84,11.860739707946777 
6esq_A,54,6esq_C,124,11.728710174560547 
6esq_A,54,6esq_C,127,9.259867668151855 
6esq_A,54,6esq_C,128,9.983189582824707 
6esq_A,54,6esq_C,131,10.574529647827148 
6esq_A,55,6esq_C,52,9.755141258239746 
6esq_A,55,6esq_C,53,7.145840644836426 
6esq_A,55,6esq_C,54,8.991908073425293 
6esq_A,55,6esq_C,55,6.8093953132629395 
6esq_A,55,6esq_C,56,6.603693008422852 
6esq_A,55,6esq_C,57,10.114828109741211 
6esq_A,55,6esq_C,59,10.46764087677002 
6esq_A,55,6esq_C,60,11.337175369262695 
6esq_A,55,6esq_C,61,10.1253080368042 
6esq_A,55,6esq_C,82,11.56706428527832 
6esq_A,55,6esq_C,84,11.322186470031738 
6esq_A,55,6esq_C,123,10.819926261901855 
6esq_A,55,6esq_C,124,8.264501571655273 
6esq_A,55,6esq_C,125,10.202842712402344 
6esq_A,55,6esq_C,126,10.488032341003418 
6esq_A,55,6esq_C,127,6.925740718841553 
6esq_A,55,6esq_C,128,8.728281021118164 
6esq_A,55,6esq_C,129,11.304889678955078 
6esq_A,55,6esq_C,130,11.696754455566406 
6esq_A,55,6esq_C,131,9.68516731262207 
6esq_A,56,6esq_C,53,9.531522750854492 
6esq_A,56,6esq_C,54,9.966388702392578 
6esq_A,56,6esq_C,55,6.616225719451904 
6esq_A,56,6esq_C,56,7.115893840789795 
6esq_A,56,6esq_C,57,10.883166313171387 
6esq_A,56,6esq_C,58,11.874104499816895 
6esq_A,56,6esq_C,59,9.20776653289795 
6esq_A,56,6esq_C,60,10.431485176086426 
6esq_A,56,6esq_C,61,9.549654006958008 
6esq_A,56,6esq_C,124,10.393028259277344 
6esq_A,56,6esq_C,127,10.151768684387207 
6esq_A,57,6esq_C,55,10.12189769744873 
6esq_A,57,6esq_C,56,10.878314971923828 
6esq_A,57,6esq_C,61,11.91772174835205 
6esq_A,57,6esq_C,127,11.740036010742188 
6esq_A,58,6esq_C,56,11.89173412322998 
6esq_A,58,6esq_C,127,9.667068481445312 
6esq_A,58,6esq_C,128,11.767606735229492 
6esq_A,58,6esq_C,130,11.317998886108398 
6esq_A,58,6esq_C,131,8.545594215393066 
6esq_A,58,6esq_C,132,9.553021430969238 
6esq_A,58,6esq_C,136,11.444239616394043 
6esq_A,59,6esq_C,53,10.786948204040527 
6esq_A,59,6esq_C,55,10.466731071472168 
6esq_A,59,6esq_C,56,9.203094482421875 
6esq_A,59,6esq_C,123,9.941959381103516 
6esq_A,59,6esq_C,124,8.854902267456055 
6esq_A,59,6esq_C,125,10.834071159362793 
6esq_A,59,6esq_C,126,9.65419864654541 
6esq_A,59,6esq_C,127,6.235754489898682 
6esq_A,59,6esq_C,128,9.069578170776367 
6esq_A,59,6esq_C,129,10.2315034866333 
6esq_A,59,6esq_C,130,9.686041831970215 
6esq_A,59,6esq_C,131,6.679423809051514 
6esq_A,59,6esq_C,132,8.942278861999512 
6esq_A,59,6esq_C,134,11.976593971252441 
6esq_A,59,6esq_C,135,9.436097145080566 
6esq_A,59,6esq_C,136,9.213473320007324 
6esq_A,60,6esq_C,52,11.13880729675293 
6esq_A,60,6esq_C,53,9.911111831665039 
6esq_A,60,6esq_C,55,11.328436851501465 
6esq_A,60,6esq_C,56,10.408555030822754 
6esq_A,60,6esq_C,83,11.677797317504883 
6esq_A,60,6esq_C,84,10.557014465332031 
6esq_A,60,6esq_C,123,10.873838424682617 
6esq_A,60,6esq_C,124,9.318135261535645 
6esq_A,60,6esq_C,125,9.983899116516113 
6esq_A,60,6esq_C,126,8.772448539733887 
6esq_A,60,6esq_C,127,5.044130325317383 
6esq_A,60,6esq_C,128,6.317167282104492 
6esq_A,60,6esq_C,129,7.646022319793701 
6esq_A,60,6esq_C,130,7.167250156402588 
6esq_A,60,6esq_C,131,5.498149871826172 
6esq_A,60,6esq_C,132,8.346426010131836 
6esq_A,60,6esq_C,133,11.005735397338867 
6esq_A,60,6esq_C,134,10.888447761535645 
6esq_A,60,6esq_C,135,9.12509536743164 
6esq_A,60,6esq_C,136,10.038522720336914 
6esq_A,60,6esq_C,246,11.10465145111084 
6esq_A,60,6esq_C,378,11.80730152130127 
6esq_A,61,6esq_C,51,10.843750953674316 
6esq_A,61,6esq_C,52,7.486329555511475 
6esq_A,61,6esq_C,53,7.09201717376709 
6esq_A,61,6esq_C,54,10.482385635375977 
6esq_A,61,6esq_C,55,10.131335258483887 
6esq_A,61,6esq_C,56,9.533567428588867 
6esq_A,61,6esq_C,57,11.898624420166016 
6esq_A,61,6esq_C,81,11.795716285705566 
6esq_A,61,6esq_C,82,8.4258394241333 
6esq_A,61,6esq_C,83,8.078572273254395 
6esq_A,61,6esq_C,84,6.89418888092041 
6esq_A,61,6esq_C,85,10.486432075500488 
6esq_A,61,6esq_C,87,11.284403800964355 
6esq_A,61,6esq_C,123,11.132843971252441 
6esq_A,61,6esq_C,124,8.623111724853516 
6esq_A,61,6esq_C,125,8.406716346740723 
6esq_A,61,6esq_C,126,8.456478118896484 
6esq_A,61,6esq_C,127,5.170126914978027 
6esq_A,61,6esq_C,128,4.420907497406006 
6esq_A,61,6esq_C,129,7.409358501434326 
6esq_A,61,6esq_C,130,8.42577838897705 
6esq_A,61,6esq_C,131,8.185883522033691 
6esq_A,61,6esq_C,132,11.493696212768555 
6esq_A,61,6esq_C,135,10.886992454528809 
6esq_A,61,6esq_C,246,10.518012046813965 
6esq_A,61,6esq_C,377,10.450806617736816 
6esq_A,61,6esq_C,378,9.537395477294922 
6esq_A,61,6esq_C,381,11.579861640930176 
6esq_A,62,6esq_C,51,10.895063400268555 
6esq_A,62,6esq_C,52,7.826696395874023 
6esq_A,62,6esq_C,53,9.143781661987305 
6esq_A,62,6esq_C,81,10.44562816619873 
6esq_A,62,6esq_C,82,6.887058734893799 
6esq_A,62,6esq_C,83,5.157284259796143 
6esq_A,62,6esq_C,84,5.200246810913086 
6esq_A,62,6esq_C,85,8.90918254852295 
6esq_A,62,6esq_C,86,9.548585891723633 
6esq_A,62,6esq_C,87,9.372064590454102 
6esq_A,62,6esq_C,124,11.494080543518066 
6esq_A,62,6esq_C,125,10.09540843963623 
6esq_A,62,6esq_C,126,10.105734825134277 
6esq_A,62,6esq_C,127,7.755241394042969 
6esq_A,62,6esq_C,128,4.9119062423706055 
6esq_A,62,6esq_C,129,7.324151992797852 
6esq_A,62,6esq_C,130,8.477127075195312 
6esq_A,62,6esq_C,131,9.81431770324707 
6esq_A,62,6esq_C,243,10.860065460205078 
6esq_A,62,6esq_C,244,11.510778427124023 
6esq_A,62,6esq_C,245,11.107512474060059 
6esq_A,62,6esq_C,246,8.100704193115234 
6esq_A,62,6esq_C,247,11.054017066955566 
6esq_A,62,6esq_C,338,11.811684608459473 
6esq_A,62,6esq_C,339,11.888023376464844 
6esq_A,62,6esq_C,376,11.367881774902344 
6esq_A,62,6esq_C,377,7.632458686828613 
6esq_A,62,6esq_C,378,7.501964092254639 
6esq_A,62,6esq_C,379,10.716188430786133 
6esq_A,62,6esq_C,380,10.874406814575195 
6esq_A,62,6esq_C,381,8.203386306762695 
6esq_A,62,6esq_C,382,8.560312271118164 
6esq_A,62,6esq_C,383,11.850749969482422 
6esq_A,63,6esq_C,52,10.393628120422363 
6esq_A,63,6esq_C,53,11.018559455871582 
6esq_A,63,6esq_C,81,10.908263206481934 
6esq_A,63,6esq_C,82,8.178150177001953 
6esq_A,63,6esq_C,83,7.488978385925293 
6esq_A,63,6esq_C,84,8.747771263122559 
6esq_A,63,6esq_C,87,11.781341552734375 
6esq_A,63,6esq_C,127,9.838855743408203 
6esq_A,63,6esq_C,128,8.005671501159668 
6esq_A,63,6esq_C,129,9.703493118286133 
6esq_A,63,6esq_C,130,9.425711631774902 
6esq_A,63,6esq_C,131,10.305343627929688 
6esq_A,63,6esq_C,243,11.404573440551758 
6esq_A,63,6esq_C,245,11.749292373657227 
6esq_A,63,6esq_C,246,9.301246643066406 
6esq_A,63,6esq_C,377,10.9716215133667 
6esq_A,63,6esq_C,378,10.940413475036621 
6esq_A,63,6esq_C,381,10.129179000854492 
6esq_A,63,6esq_C,382,10.521834373474121 
6esq_A,64,6esq_C,52,11.693353652954102 
6esq_A,64,6esq_C,81,10.160989761352539 
6esq_A,64,6esq_C,82,8.000784873962402 
6esq_A,64,6esq_C,83,6.6949663162231445 
6esq_A,64,6esq_C,84,9.318376541137695 
6esq_A,64,6esq_C,86,11.453463554382324 
6esq_A,64,6esq_C,87,11.074454307556152 
6esq_A,64,6esq_C,90,11.577224731445312 
6esq_A,64,6esq_C,128,10.265227317810059 
6esq_A,64,6esq_C,129,11.66877555847168 
6esq_A,64,6esq_C,130,11.570469856262207 
6esq_A,64,6esq_C,241,11.8944091796875 
6esq_A,64,6esq_C,242,10.893087387084961 
6esq_A,64,6esq_C,243,8.397582054138184 
6esq_A,64,6esq_C,244,10.121959686279297 
6esq_A,64,6esq_C,245,10.64990234375 
6esq_A,64,6esq_C,246,9.284130096435547 
6esq_A,64,6esq_C,377,10.32455062866211 
6esq_A,64,6esq_C,378,11.26986026763916 
6esq_A,64,6esq_C,381,8.825729370117188 
6esq_A,64,6esq_C,382,8.358696937561035 
6esq_A,64,6esq_C,383,11.703062057495117 
6esq_A,65,6esq_C,82,10.181727409362793 
6esq_A,65,6esq_C,83,7.500903606414795 
6esq_A,65,6esq_C,84,9.253442764282227 
6esq_A,65,6esq_C,86,11.271117210388184 
6esq_A,65,6esq_C,128,9.280099868774414 
6esq_A,65,6esq_C,129,9.563190460205078 
6esq_A,65,6esq_C,130,9.411283493041992 
6esq_A,65,6esq_C,241,11.460844993591309 
6esq_A,65,6esq_C,242,9.46403980255127 
6esq_A,65,6esq_C,243,6.131461143493652 
6esq_A,65,6esq_C,244,6.728180408477783 
6esq_A,65,6esq_C,245,6.891383171081543 
6esq_A,65,6esq_C,246,5.7230000495910645 
6esq_A,65,6esq_C,247,9.449410438537598 
6esq_A,65,6esq_C,259,10.807931900024414 
6esq_A,65,6esq_C,376,11.52265453338623 
6esq_A,65,6esq_C,377,8.72802734375 
6esq_A,65,6esq_C,378,8.965441703796387 
6esq_A,65,6esq_C,379,10.532082557678223 
6esq_A,65,6esq_C,380,9.231453895568848 
6esq_A,65,6esq_C,381,5.471673011779785 
6esq_A,65,6esq_C,382,6.297159194946289 
6esq_A,65,6esq_C,383,10.04846477508545 
6esq_A,66,6esq_C,83,10.15609073638916 
6esq_A,66,6esq_C,84,11.181075096130371 
6esq_A,66,6esq_C,127,11.239888191223145 
6esq_A,66,6esq_C,128,9.189044952392578 
6esq_A,66,6esq_C,129,8.827376365661621 
6esq_A,66,6esq_C,130,7.3217387199401855 
6esq_A,66,6esq_C,131,9.462509155273438 
6esq_A,66,6esq_C,132,10.581928253173828 
6esq_A,66,6esq_C,133,11.451817512512207 
6esq_A,66,6esq_C,243,9.464999198913574 
6esq_A,66,6esq_C,244,9.04341983795166 
6esq_A,66,6esq_C,245,7.60952091217041 
6esq_A,66,6esq_C,246,5.836535930633545 
6esq_A,66,6esq_C,247,8.512131690979004 
6esq_A,66,6esq_C,248,11.960546493530273 
6esq_A,66,6esq_C,250,11.748083114624023 
6esq_A,66,6esq_C,377,11.479779243469238 
6esq_A,66,6esq_C,378,10.601126670837402 
6esq_A,66,6esq_C,380,11.732784271240234 
6esq_A,66,6esq_C,381,8.066929817199707 
6esq_A,66,6esq_C,382,9.887826919555664 
6esq_A,67,6esq_C,83,11.706503868103027 
6esq_A,67,6esq_C,130,10.891349792480469 
6esq_A,67,6esq_C,243,9.954184532165527 
6esq_A,67,6esq_C,244,10.334108352661133 
6esq_A,67,6esq_C,245,9.672722816467285 
6esq_A,67,6esq_C,246,9.08693790435791 
6esq_A,67,6esq_C,247,11.763092041015625 
6esq_A,67,6esq_C,381,10.542802810668945 
6esq_A,67,6esq_C,382,11.555275917053223 
6esq_A,68,6esq_C,83,11.84508991241455 
6esq_A,68,6esq_C,242,10.114392280578613 
6esq_A,68,6esq_C,243,6.968815326690674 
6esq_A,68,6esq_C,244,7.619991302490234 
6esq_A,68,6esq_C,245,8.014739990234375 
6esq_A,68,6esq_C,246,8.822087287902832 
6esq_A,68,6esq_C,247,11.838461875915527 
6esq_A,68,6esq_C,381,9.13122844696045 
6esq_A,68,6esq_C,382,9.803287506103516 
6esq_A,69,6esq_C,130,10.536539077758789 
6esq_A,69,6esq_C,242,11.434969902038574 
6esq_A,69,6esq_C,243,7.793327808380127 
6esq_A,69,6esq_C,244,6.472304344177246 
6esq_A,69,6esq_C,245,5.27632999420166 
6esq_A,69,6esq_C,246,6.637320041656494 
6esq_A,69,6esq_C,247,8.827190399169922 
6esq_A,69,6esq_C,248,11.539247512817383 
6esq_A,69,6esq_C,250,9.280266761779785 
6esq_A,69,6esq_C,251,10.537632942199707 
6esq_A,69,6esq_C,259,11.819123268127441 
6esq_A,69,6esq_C,380,11.715357780456543 
6esq_A,69,6esq_C,381,8.302254676818848 
6esq_A,69,6esq_C,382,10.354320526123047 
6esq_A,70,6esq_C,130,10.988421440124512 
6esq_A,70,6esq_C,243,11.430219650268555 
6esq_A,70,6esq_C,244,10.248048782348633 
6esq_A,70,6esq_C,245,8.453081130981445 
6esq_A,70,6esq_C,246,9.072334289550781 
6esq_A,70,6esq_C,247,10.362384796142578 
6esq_A,70,6esq_C,250,10.659026145935059 
6esq_A,70,6esq_C,381,11.691268920898438 
6esq_A,71,6esq_C,243,11.582098007202148 
6esq_A,71,6esq_C,244,11.27103042602539 
6esq_A,71,6esq_C,245,10.632144927978516 
6esq_A,71,6esq_C,246,11.923079490661621 
6esq_A,72,6esq_C,243,10.547469139099121 
6esq_A,72,6esq_C,244,9.556694984436035 
6esq_A,72,6esq_C,245,9.175237655639648 
6esq_A,72,6esq_C,246,11.611687660217285 
6esq_A,72,6esq_C,250,11.52672290802002 
6esq_A,73,6esq_C,242,10.667879104614258 
6esq_A,73,6esq_C,243,8.544134140014648 
6esq_A,73,6esq_C,244,8.873844146728516 
6esq_A,73,6esq_C,245,9.951644897460938 
6esq_A,74,6esq_C,241,11.430288314819336 
6esq_A,74,6esq_C,242,7.958502769470215 
6esq_A,74,6esq_C,243,5.7365617752075195 
6esq_A,74,6esq_C,244,5.549592971801758 
6esq_A,74,6esq_C,245,7.433636665344238 
6esq_A,74,6esq_C,246,10.371668815612793 
6esq_A,74,6esq_C,250,11.854606628417969 
6esq_A,74,6esq_C,251,11.304450988769531 
6esq_A,74,6esq_C,258,9.782918930053711 
6esq_A,74,6esq_C,259,8.706488609313965 
6esq_A,74,6esq_C,262,10.560773849487305 
6esq_A,74,6esq_C,380,11.97121810913086 
6esq_A,74,6esq_C,381,9.47465705871582 
6esq_A,74,6esq_C,382,10.075057983398438 
6esq_A,75,6esq_C,240,11.803342819213867 
6esq_A,75,6esq_C,241,8.982633590698242 
6esq_A,75,6esq_C,242,5.503055572509766 
6esq_A,75,6esq_C,243,4.761046886444092 
6esq_A,75,6esq_C,244,5.740179061889648 
6esq_A,75,6esq_C,245,8.834320068359375 
6esq_A,75,6esq_C,246,11.649949073791504 
6esq_A,75,6esq_C,257,11.25411605834961 
6esq_A,75,6esq_C,258,8.216153144836426 
6esq_A,75,6esq_C,259,6.632349014282227 
6esq_A,75,6esq_C,260,10.196767807006836 
6esq_A,75,6esq_C,261,10.360289573669434 
6esq_A,75,6esq_C,262,7.621365547180176 
6esq_A,75,6esq_C,263,9.029182434082031 
6esq_A,75,6esq_C,266,11.808953285217285 
6esq_A,75,6esq_C,380,11.341229438781738 
6esq_A,75,6esq_C,381,9.505373001098633 
6esq_A,75,6esq_C,382,9.134657859802246 
6esq_A,75,6esq_C,383,10.19837760925293 
6esq_A,76,6esq_C,240,11.070640563964844 
6esq_A,76,6esq_C,241,8.38957691192627 
6esq_A,76,6esq_C,242,6.073883533477783 
6esq_A,76,6esq_C,243,5.8472580909729 
6esq_A,76,6esq_C,244,8.318472862243652 
6esq_A,76,6esq_C,245,11.172507286071777 
6esq_A,76,6esq_C,258,11.758979797363281 
6esq_A,76,6esq_C,259,9.393260955810547 
6esq_A,76,6esq_C,262,9.873557090759277 
6esq_A,76,6esq_C,263,10.149449348449707 
6esq_A,76,6esq_C,381,11.1585693359375 
6esq_A,76,6esq_C,382,9.982305526733398 
6esq_A,76,6esq_C,383,11.2399320602417 
6esq_A,77,6esq_C,83,10.555436134338379 
6esq_A,77,6esq_C,90,10.623373031616211 
6esq_A,77,6esq_C,93,11.557815551757812 
6esq_A,77,6esq_C,239,11.839481353759766 
6esq_A,77,6esq_C,240,8.638934135437012 
6esq_A,77,6esq_C,241,5.551457405090332 
6esq_A,77,6esq_C,242,4.5356879234313965 
6esq_A,77,6esq_C,243,5.050917625427246 
6esq_A,77,6esq_C,244,8.675125122070312 
6esq_A,77,6esq_C,245,11.718026161193848 
6esq_A,77,6esq_C,259,9.068763732910156 
6esq_A,77,6esq_C,260,11.619983673095703 
6esq_A,77,6esq_C,262,10.213658332824707 
6esq_A,77,6esq_C,263,9.062472343444824 
6esq_A,77,6esq_C,266,11.85473346710205 
6esq_A,77,6esq_C,381,10.0069580078125 
6esq_A,77,6esq_C,382,7.743290901184082 
6esq_A,77,6esq_C,383,8.83428955078125 
6esq_A,77,6esq_C,384,9.244288444519043 
6esq_A,77,6esq_C,385,11.817034721374512 
6esq_A,78,6esq_C,81,10.798585891723633 
6esq_A,78,6esq_C,82,9.951723098754883 
6esq_A,78,6esq_C,83,8.543992042541504 
6esq_A,78,6esq_C,86,11.85183048248291 
6esq_A,78,6esq_C,87,11.831438064575195 
6esq_A,78,6esq_C,90,10.064949035644531 
6esq_A,78,6esq_C,94,11.900188446044922 
6esq_A,78,6esq_C,240,11.335321426391602 
6esq_A,78,6esq_C,241,8.134353637695312 
6esq_A,78,6esq_C,242,7.540627479553223 
6esq_A,78,6esq_C,243,6.499778747558594 
6esq_A,78,6esq_C,244,9.689412117004395 
6esq_A,78,6esq_C,245,11.802750587463379 
6esq_A,78,6esq_C,246,11.941181182861328 
6esq_A,78,6esq_C,259,11.53303337097168 
6esq_A,78,6esq_C,377,11.70097827911377 
6esq_A,78,6esq_C,381,9.930999755859375 
6esq_A,78,6esq_C,382,8.052565574645996 
6esq_A,78,6esq_C,383,10.246810913085938 
6esq_A,78,6esq_C,384,10.779561996459961 
6esq_A,79,6esq_C,50,11.141225814819336 
6esq_A,79,6esq_C,52,11.962259292602539 
6esq_A,79,6esq_C,79,11.962427139282227 
6esq_A,79,6esq_C,80,10.450618743896484 
6esq_A,79,6esq_C,81,7.050697326660156 
6esq_A,79,6esq_C,82,6.798814296722412 
6esq_A,79,6esq_C,83,6.683626174926758 
6esq_A,79,6esq_C,84,10.454885482788086 
6esq_A,79,6esq_C,86,10.367019653320312 
6esq_A,79,6esq_C,87,9.221891403198242 
6esq_A,79,6esq_C,88,11.96053695678711 
6esq_A,79,6esq_C,89,11.13387393951416 
6esq_A,79,6esq_C,90,7.699168682098389 
6esq_A,79,6esq_C,91,9.922436714172363 
6esq_A,79,6esq_C,93,10.233396530151367 
6esq_A,79,6esq_C,94,9.392278671264648 
6esq_A,79,6esq_C,240,11.97111988067627 
6esq_A,79,6esq_C,241,9.236908912658691 
6esq_A,79,6esq_C,242,9.90700626373291 
6esq_A,79,6esq_C,243,9.316177368164062 
6esq_A,79,6esq_C,377,11.371973037719727 
6esq_A,79,6esq_C,381,11.455129623413086 
6esq_A,79,6esq_C,382,9.107331275939941 
6esq_A,79,6esq_C,383,11.029462814331055 
6esq_A,79,6esq_C,384,10.785118103027344 
6esq_A,80,6esq_C,49,11.813833236694336 
6esq_A,80,6esq_C,50,10.366790771484375 
6esq_A,80,6esq_C,51,10.604755401611328 
6esq_A,80,6esq_C,52,10.138731956481934 
6esq_A,80,6esq_C,53,11.626212120056152 
6esq_A,80,6esq_C,79,10.462993621826172 
6esq_A,80,6esq_C,80,8.427881240844727 
6esq_A,80,6esq_C,81,5.711361885070801 
6esq_A,80,6esq_C,82,5.295780181884766 
6esq_A,80,6esq_C,83,6.7491302490234375 
6esq_A,80,6esq_C,84,9.872976303100586 
6esq_A,80,6esq_C,86,11.34727668762207 
6esq_A,80,6esq_C,87,9.292841911315918 
6esq_A,80,6esq_C,90,9.394355773925781 
6esq_A,80,6esq_C,91,10.648740768432617 
6esq_A,80,6esq_C,94,11.04258918762207 
6esq_A,80,6esq_C,382,11.251153945922852 
6esq_A,81,6esq_C,48,9.923637390136719 
6esq_A,81,6esq_C,49,9.873176574707031 
6esq_A,81,6esq_C,50,9.635016441345215 
6esq_A,81,6esq_C,51,10.097100257873535 
6esq_A,81,6esq_C,52,10.85685920715332 
6esq_A,81,6esq_C,53,11.896223068237305 
6esq_A,81,6esq_C,61,11.765993118286133 
6esq_A,81,6esq_C,62,10.424627304077148 
6esq_A,81,6esq_C,63,10.870877265930176 
6esq_A,81,6esq_C,64,10.13669204711914 
6esq_A,81,6esq_C,78,10.82437801361084 
6esq_A,81,6esq_C,79,7.086249351501465 
6esq_A,81,6esq_C,80,5.720316410064697 
6esq_A,81,6esq_C,81,4.599663257598877 
6esq_A,81,6esq_C,82,6.39847469329834 
6esq_A,81,6esq_C,83,9.288084030151367 
6esq_A,81,6esq_C,87,10.223925590515137 
6esq_A,81,6esq_C,90,10.06514835357666 
6esq_A,81,6esq_C,91,9.934951782226562 
6esq_A,81,6esq_C,94,10.119951248168945 
6esq_A,82,6esq_C,48,10.760626792907715 
6esq_A,82,6esq_C,49,10.078144073486328 
6esq_A,82,6esq_C,50,10.392790794372559 
6esq_A,82,6esq_C,51,9.836210250854492 
6esq_A,82,6esq_C,52,10.871317863464355 
6esq_A,82,6esq_C,53,10.757430076599121 
6esq_A,82,6esq_C,54,10.710638046264648 
6esq_A,82,6esq_C,55,11.523836135864258 
6esq_A,82,6esq_C,61,8.393879890441895 
6esq_A,82,6esq_C,62,6.871067523956299 
6esq_A,82,6esq_C,63,8.152362823486328 
6esq_A,82,6esq_C,64,7.9991302490234375 
6esq_A,82,6esq_C,65,10.185606956481934 
6esq_A,82,6esq_C,78,10.004135131835938 
6esq_A,82,6esq_C,79,6.863271713256836 
6esq_A,82,6esq_C,80,5.328153610229492 
6esq_A,82,6esq_C,81,6.425748348236084 
6esq_A,82,6esq_C,82,8.012371063232422 
6esq_A,82,6esq_C,83,11.47086238861084 
6esq_A,82,6esq_C,87,11.944258689880371 
6esq_A,82,6esq_C,91,11.982259750366211 
6esq_A,83,6esq_C,48,11.389883041381836 
6esq_A,83,6esq_C,49,11.112152099609375 
6esq_A,83,6esq_C,54,11.927799224853516 
6esq_A,83,6esq_C,60,11.688070297241211 
6esq_A,83,6esq_C,61,8.082598686218262 
6esq_A,83,6esq_C,62,5.170923709869385 
6esq_A,83,6esq_C,63,7.495954513549805 
6esq_A,83,6esq_C,64,6.716329097747803 
6esq_A,83,6esq_C,65,7.530190944671631 
6esq_A,83,6esq_C,66,10.17623233795166 
6esq_A,83,6esq_C,67,11.726868629455566 
6esq_A,83,6esq_C,68,11.875737190246582 
6esq_A,83,6esq_C,77,10.587778091430664 
6esq_A,83,6esq_C,78,8.59677505493164 
6esq_A,83,6esq_C,79,6.733283996582031 
6esq_A,83,6esq_C,80,6.770239353179932 
6esq_A,83,6esq_C,81,9.29849624633789 
6esq_A,83,6esq_C,82,11.47200870513916 
6esq_A,84,6esq_C,54,11.85273551940918 
6esq_A,84,6esq_C,55,11.308585166931152 
6esq_A,84,6esq_C,60,10.566885948181152 
6esq_A,84,6esq_C,61,6.907826900482178 
6esq_A,84,6esq_C,62,5.213441848754883 
6esq_A,84,6esq_C,63,8.750548362731934 
6esq_A,84,6esq_C,64,9.328325271606445 
6esq_A,84,6esq_C,65,9.276398658752441 
6esq_A,84,6esq_C,66,11.18934440612793 
6esq_A,84,6esq_C,79,10.494633674621582 
6esq_A,84,6esq_C,80,9.890336036682129 
6esq_A,85,6esq_C,61,10.513914108276367 
6esq_A,85,6esq_C,62,8.931879043579102 
6esq_A,86,6esq_C,62,9.556132316589355 
6esq_A,86,6esq_C,64,11.459126472473145 
6esq_A,86,6esq_C,65,11.288365364074707 
6esq_A,86,6esq_C,78,11.895755767822266 
6esq_A,86,6esq_C,79,10.412480354309082 
6esq_A,86,6esq_C,80,11.362140655517578 
6esq_A,87,6esq_C,61,11.28580093383789 
6esq_A,87,6esq_C,62,9.371906280517578 
6esq_A,87,6esq_C,63,11.764105796813965 
6esq_A,87,6esq_C,64,11.064732551574707 
6esq_A,87,6esq_C,78,11.862874984741211 
6esq_A,87,6esq_C,79,9.261001586914062 
6esq_A,87,6esq_C,80,9.302667617797852 
6esq_A,87,6esq_C,81,10.22339916229248 
6esq_A,87,6esq_C,82,11.933632850646973 
6esq_A,89,6esq_C,79,11.18860912322998 
6esq_A,90,6esq_C,48,11.651570320129395 
6esq_A,90,6esq_C,64,11.56775188446045 
6esq_A,90,6esq_C,77,10.628541946411133 
6esq_A,90,6esq_C,78,10.09874153137207 
6esq_A,90,6esq_C,79,7.746510982513428 
6esq_A,90,6esq_C,80,9.416109085083008 
6esq_A,90,6esq_C,81,10.072713851928711 
6esq_A,90,6esq_C,94,11.709586143493652 
6esq_A,91,6esq_C,79,9.941413879394531 
6esq_A,91,6esq_C,80,10.641120910644531 
6esq_A,91,6esq_C,81,9.902680397033691 
6esq_A,91,6esq_C,82,11.936399459838867 
6esq_A,91,6esq_C,94,11.382978439331055 
6esq_A,93,6esq_C,77,11.563956260681152 
6esq_A,93,6esq_C,79,10.258081436157227 
6esq_A,93,6esq_C,94,10.8314847946167 
6esq_A,93,6esq_C,97,11.102892875671387 
6esq_A,93,6esq_C,98,9.980817794799805 
6esq_A,93,6esq_C,101,11.626518249511719 
6esq_A,93,6esq_C,103,10.994512557983398 
6esq_A,94,6esq_C,48,10.896279335021973 
6esq_A,94,6esq_C,78,11.921316146850586 
6esq_A,94,6esq_C,79,9.413314819335938 
6esq_A,94,6esq_C,80,11.045512199401855 
6esq_A,94,6esq_C,81,10.088123321533203 
6esq_A,94,6esq_C,90,11.671589851379395 
6esq_A,94,6esq_C,91,11.386808395385742 
6esq_A,94,6esq_C,93,10.836211204528809 
6esq_A,94,6esq_C,94,7.592513084411621 
6esq_A,94,6esq_C,95,10.168818473815918 
6esq_A,94,6esq_C,96,11.40860652923584 
6esq_A,94,6esq_C,97,8.420384407043457 
6esq_A,94,6esq_C,98,8.328530311584473 
6esq_A,94,6esq_C,101,10.667135238647461 
6esq_A,94,6esq_C,103,11.374072074890137 
6esq_A,95,6esq_C,94,10.1586332321167 
6esq_A,95,6esq_C,97,9.6754789352417 
6esq_A,95,6esq_C,98,10.435762405395508 
6esq_A,95,6esq_C,101,11.043289184570312 
6esq_A,96,6esq_C,94,11.403756141662598 
6esq_A,96,6esq_C,97,9.598175048828125 
6esq_A,96,6esq_C,98,9.462662696838379 
6esq_A,96,6esq_C,100,11.8662109375 
6esq_A,96,6esq_C,101,8.856109619140625 
6esq_A,96,6esq_C,102,11.524391174316406 
6esq_A,96,6esq_C,103,10.176396369934082 
6esq_A,97,6esq_C,1,11.54703426361084 
6esq_A,97,6esq_C,93,11.110713958740234 
6esq_A,97,6esq_C,94,8.417396545410156 
6esq_A,97,6esq_C,95,9.681774139404297 
6esq_A,97,6esq_C,96,9.60114860534668 
6esq_A,97,6esq_C,97,5.922003269195557 
6esq_A,97,6esq_C,98,5.735622406005859 
6esq_A,97,6esq_C,99,8.85171127319336 
6esq_A,97,6esq_C,100,8.319640159606934 
6esq_A,97,6esq_C,101,5.788438320159912 
6esq_A,97,6esq_C,102,8.729790687561035 
6esq_A,97,6esq_C,103,7.69741153717041 
6esq_A,97,6esq_C,104,10.044012069702148 
6esq_A,98,6esq_C,1,10.951873779296875 
6esq_A,98,6esq_C,93,9.972871780395508 
6esq_A,98,6esq_C,94,8.314457893371582 
6esq_A,98,6esq_C,95,10.423212051391602 
6esq_A,98,6esq_C,96,9.4428071975708 
6esq_A,98,6esq_C,97,5.71739387512207 
6esq_A,98,6esq_C,98,7.633186340332031 
6esq_A,98,6esq_C,99,10.338942527770996 
6esq_A,98,6esq_C,100,8.759441375732422 
6esq_A,98,6esq_C,101,7.2912421226501465 
6esq_A,98,6esq_C,102,10.943196296691895 
6esq_A,98,6esq_C,103,10.871191024780273 
6esq_A,98,6esq_C,240,11.92814826965332 
6esq_A,99,6esq_C,1,10.70548152923584 
6esq_A,99,6esq_C,97,8.833762168884277 
6esq_A,99,6esq_C,98,10.342928886413574 
6esq_A,99,6esq_C,100,10.222454071044922 
6esq_A,99,6esq_C,101,7.948051452636719 
6esq_A,99,6esq_C,102,11.428940773010254 
6esq_A,99,6esq_C,103,11.828411102294922 
6esq_A,100,6esq_C,1,8.818055152893066 
6esq_A,100,6esq_C,2,10.837590217590332 
6esq_A,100,6esq_C,96,11.868231773376465 
6esq_A,100,6esq_C,97,8.319815635681152 
6esq_A,100,6esq_C,98,8.778039932250977 
6esq_A,100,6esq_C,99,10.239960670471191 
6esq_A,100,6esq_C,100,8.135653495788574 
6esq_A,100,6esq_C,101,5.009298324584961 
6esq_A,100,6esq_C,102,7.997017860412598 
6esq_A,100,6esq_C,103,8.714288711547852 
6esq_A,100,6esq_C,104,11.783784866333008 
6esq_A,101,6esq_C,1,5.8822126388549805 
6esq_A,101,6esq_C,2,7.835469722747803 
6esq_A,101,6esq_C,3,10.355494499206543 
6esq_A,101,6esq_C,4,11.226106643676758 
6esq_A,101,6esq_C,93,11.635525703430176 
6esq_A,101,6esq_C,94,10.66161823272705 
6esq_A,101,6esq_C,95,11.037752151489258 
6esq_A,101,6esq_C,96,8.850610733032227 
6esq_A,101,6esq_C,97,5.783241271972656 
6esq_A,101,6esq_C,98,7.295176982879639 
6esq_A,101,6esq_C,99,7.9496259689331055 
6esq_A,101,6esq_C,100,5.0006208419799805 
6esq_A,101,6esq_C,101,3.651881217956543 
6esq_A,101,6esq_C,102,7.269998550415039 
6esq_A,101,6esq_C,103,8.956727027893066 
6esq_A,101,6esq_C,104,10.98855972290039 
6esq_A,102,6esq_C,1,6.0922346115112305 
6esq_A,102,6esq_C,2,9.416191101074219 
6esq_A,102,6esq_C,3,11.667404174804688 
6esq_A,102,6esq_C,96,11.506768226623535 
6esq_A,102,6esq_C,97,8.7171049118042 
6esq_A,102,6esq_C,98,10.945067405700684 
6esq_A,102,6esq_C,99,11.426196098327637 
6esq_A,102,6esq_C,100,7.985085964202881 
6esq_A,102,6esq_C,101,7.2746100425720215 
6esq_A,102,6esq_C,102,10.537481307983398 
6esq_A,103,6esq_C,1,8.103407859802246 
6esq_A,103,6esq_C,2,10.852750778198242 
6esq_A,103,6esq_C,93,10.963913917541504 
6esq_A,103,6esq_C,94,11.33259391784668 
6esq_A,103,6esq_C,96,10.133925437927246 
6esq_A,103,6esq_C,97,7.659688472747803 
6esq_A,103,6esq_C,98,10.844205856323242 
6esq_A,103,6esq_C,99,11.802465438842773 
6esq_A,103,6esq_C,100,8.68917465209961 
6esq_A,103,6esq_C,101,8.945724487304688 
6esq_A,103,6esq_C,238,10.482316970825195 
6esq_A,103,6esq_C,239,9.775506019592285 
6esq_A,103,6esq_C,240,9.53703784942627 
6esq_A,103,6esq_C,241,11.294868469238281 
6esq_A,103,6esq_C,266,11.45354175567627 
6esq_A,103,6esq_C,270,10.332124710083008 
6esq_A,104,6esq_C,1,11.223740577697754 
6esq_A,104,6esq_C,97,10.01408576965332 
6esq_A,104,6esq_C,100,11.766561508178711 
6esq_A,104,6esq_C,101,10.991008758544922 
6esq_A,104,6esq_C,240,11.321086883544922 
6esq_A,104,6esq_C,241,11.956977844238281 
6esq_A,123,6esq_C,55,10.78592300415039 
6esq_A,123,6esq_C,59,9.894186019897461 
6esq_A,123,6esq_C,60,10.863624572753906 
6esq_A,123,6esq_C,61,11.136616706848145 
6esq_A,124,6esq_C,54,11.707647323608398 
6esq_A,124,6esq_C,55,8.241351127624512 
6esq_A,124,6esq_C,56,10.362052917480469 
6esq_A,124,6esq_C,59,8.830462455749512 
6esq_A,124,6esq_C,60,9.32522201538086 
6esq_A,124,6esq_C,61,8.632866859436035 
6esq_A,124,6esq_C,62,11.494162559509277 
6esq_A,125,6esq_C,55,10.182602882385254 
6esq_A,125,6esq_C,59,10.802653312683105 
6esq_A,125,6esq_C,60,9.98500919342041 
6esq_A,125,6esq_C,61,8.421205520629883 
6esq_A,125,6esq_C,62,10.097947120666504 
6esq_A,126,6esq_C,55,10.472095489501953 
6esq_A,126,6esq_C,59,9.623322486877441 
6esq_A,126,6esq_C,60,8.77995777130127 
6esq_A,126,6esq_C,61,8.481740951538086 
6esq_A,126,6esq_C,62,10.123400688171387 
6esq_A,127,6esq_C,53,11.95667839050293 
6esq_A,127,6esq_C,54,9.244725227355957 
6esq_A,127,6esq_C,55,6.913946151733398 
6esq_A,127,6esq_C,56,10.132211685180664 
6esq_A,127,6esq_C,57,11.736111640930176 
6esq_A,127,6esq_C,58,9.638418197631836 
6esq_A,127,6esq_C,59,6.202195644378662 
6esq_A,127,6esq_C,60,5.050674915313721 
6esq_A,127,6esq_C,61,5.198318958282471 
6esq_A,127,6esq_C,62,7.773214817047119 
6esq_A,127,6esq_C,63,9.85612964630127 
6esq_A,127,6esq_C,66,11.243552207946777 
6esq_A,128,6esq_C,54,9.963305473327637 
6esq_A,128,6esq_C,55,8.707721710205078 
6esq_A,128,6esq_C,58,11.740935325622559 
6esq_A,128,6esq_C,59,9.034215927124023 
6esq_A,128,6esq_C,60,6.311875343322754 
6esq_A,128,6esq_C,61,4.442019462585449 
6esq_A,128,6esq_C,62,4.9339189529418945 
6esq_A,128,6esq_C,63,8.021886825561523 
6esq_A,128,6esq_C,64,10.285024642944336 
6esq_A,128,6esq_C,65,9.31194019317627 
6esq_A,128,6esq_C,66,9.194355010986328 
6esq_A,129,6esq_C,55,11.293537139892578 
6esq_A,129,6esq_C,59,10.20414924621582 
6esq_A,129,6esq_C,60,7.644754886627197 
6esq_A,129,6esq_C,61,7.430699825286865 
6esq_A,129,6esq_C,62,7.343328952789307 
6esq_A,129,6esq_C,63,9.72688102722168 
6esq_A,129,6esq_C,64,11.691556930541992 
6esq_A,129,6esq_C,65,9.598620414733887 
6esq_A,129,6esq_C,66,8.84032917022705 
6esq_A,130,6esq_C,23,11.727705001831055 
6esq_A,130,6esq_C,55,11.688576698303223 
6esq_A,130,6esq_C,58,11.310321807861328 
6esq_A,130,6esq_C,59,9.660053253173828 
6esq_A,130,6esq_C,60,7.16192626953125 
6esq_A,130,6esq_C,61,8.443717002868652 
6esq_A,130,6esq_C,62,8.500818252563477 
6esq_A,130,6esq_C,63,9.462340354919434 
6esq_A,130,6esq_C,64,11.604414939880371 
6esq_A,130,6esq_C,65,9.454928398132324 
6esq_A,130,6esq_C,66,7.348234176635742 
6esq_A,130,6esq_C,67,10.91226863861084 
6esq_A,130,6esq_C,69,10.554327964782715 
6esq_A,130,6esq_C,70,11.002910614013672 
6esq_A,131,6esq_C,22,11.599922180175781 
6esq_A,131,6esq_C,23,11.816359519958496 
6esq_A,131,6esq_C,54,10.579194068908691 
6esq_A,131,6esq_C,55,9.696484565734863 
6esq_A,131,6esq_C,58,8.554336547851562 
6esq_A,131,6esq_C,59,6.669248580932617 
6esq_A,131,6esq_C,60,5.519494533538818 
6esq_A,131,6esq_C,61,8.220813751220703 
6esq_A,131,6esq_C,62,9.850434303283691 
6esq_A,131,6esq_C,63,10.359549522399902 
6esq_A,131,6esq_C,66,9.498649597167969 
6esq_A,132,6esq_C,21,10.785177230834961 
6esq_A,132,6esq_C,22,10.934603691101074 
6esq_A,132,6esq_C,23,10.921525001525879 
6esq_A,132,6esq_C,58,9.565718650817871 
6esq_A,132,6esq_C,59,8.934065818786621 
6esq_A,132,6esq_C,60,8.35723876953125 
6esq_A,132,6esq_C,61,11.519946098327637 
6esq_A,132,6esq_C,66,10.626252174377441 
6esq_A,133,6esq_C,60,11.004623413085938 
6esq_A,133,6esq_C,66,11.48473072052002 
6esq_A,134,6esq_C,59,11.95551872253418 
6esq_A,134,6esq_C,60,10.882108688354492 
6esq_A,135,6esq_C,59,9.429706573486328 
6esq_A,135,6esq_C,60,9.137558937072754 
6esq_A,135,6esq_C,61,10.904086112976074 
6esq_A,136,6esq_C,58,11.459197044372559 
6esq_A,136,6esq_C,59,9.211834907531738 
6esq_A,136,6esq_C,60,10.046919822692871 
6esq_A,238,6esq_C,103,10.474615097045898 
6esq_A,239,6esq_C,77,11.844095230102539 
6esq_A,239,6esq_C,98,11.99594497680664 
6esq_A,239,6esq_C,103,9.777689933776855 
6esq_A,240,6esq_C,45,11.792975425720215 
6esq_A,240,6esq_C,46,10.93334674835205 
6esq_A,240,6esq_C,75,11.799530029296875 
6esq_A,240,6esq_C,76,11.068558692932129 
6esq_A,240,6esq_C,77,8.630847930908203 
6esq_A,240,6esq_C,78,11.328761100769043 
6esq_A,240,6esq_C,79,11.949344635009766 
6esq_A,240,6esq_C,98,11.893905639648438 
6esq_A,240,6esq_C,103,9.5172700881958 
6esq_A,240,6esq_C,104,11.327814102172852 
6esq_A,241,6esq_C,45,10.791725158691406 
6esq_A,241,6esq_C,46,9.205927848815918 
6esq_A,241,6esq_C,47,10.960272789001465 
6esq_A,241,6esq_C,64,11.863470077514648 
6esq_A,241,6esq_C,65,11.443346977233887 
6esq_A,241,6esq_C,74,11.415294647216797 
6esq_A,241,6esq_C,75,8.985937118530273 
6esq_A,241,6esq_C,76,8.389098167419434 
6esq_A,241,6esq_C,77,5.539186000823975 
6esq_A,241,6esq_C,78,8.117294311523438 
6esq_A,241,6esq_C,79,9.198752403259277 
6esq_A,241,6esq_C,103,11.275762557983398 
6esq_A,241,6esq_C,104,11.961981773376465 
6esq_A,242,6esq_C,45,10.399737358093262 
6esq_A,242,6esq_C,46,9.155099868774414 
6esq_A,242,6esq_C,47,10.687413215637207 
6esq_A,242,6esq_C,64,10.86373519897461 
6esq_A,242,6esq_C,65,9.440162658691406 
6esq_A,242,6esq_C,68,10.100584983825684 
6esq_A,242,6esq_C,69,11.442987442016602 
6esq_A,242,6esq_C,73,10.661666870117188 
6esq_A,242,6esq_C,74,7.941099166870117 
6esq_A,242,6esq_C,75,5.500805854797363 
6esq_A,242,6esq_C,76,6.061516284942627 
6esq_A,242,6esq_C,77,4.512362957000732 
6esq_A,242,6esq_C,78,7.510920524597168 
6esq_A,242,6esq_C,79,9.862523078918457 
6esq_A,243,6esq_C,45,11.579293251037598 
6esq_A,243,6esq_C,46,9.845633506774902 
6esq_A,243,6esq_C,47,10.174691200256348 
6esq_A,243,6esq_C,62,10.833940505981445 
6esq_A,243,6esq_C,63,11.375609397888184 
6esq_A,243,6esq_C,64,8.376991271972656 
6esq_A,243,6esq_C,65,6.102195739746094 
6esq_A,243,6esq_C,66,9.446414947509766 
6esq_A,243,6esq_C,67,9.932158470153809 
6esq_A,243,6esq_C,68,6.959406852722168 
6esq_A,243,6esq_C,69,7.795299530029297 
6esq_A,243,6esq_C,70,11.429975509643555 
6esq_A,243,6esq_C,71,11.569331169128418 
6esq_A,243,6esq_C,72,10.539294242858887 
6esq_A,243,6esq_C,73,8.54484748840332 
6esq_A,243,6esq_C,74,5.719404697418213 
6esq_A,243,6esq_C,75,4.766484260559082 
6esq_A,243,6esq_C,76,5.855670928955078 
6esq_A,243,6esq_C,77,5.058776378631592 
6esq_A,243,6esq_C,78,6.484349250793457 
6esq_A,243,6esq_C,79,9.286651611328125 
6esq_A,244,6esq_C,62,11.489517211914062 
6esq_A,244,6esq_C,64,10.117606163024902 
6esq_A,244,6esq_C,65,6.716559886932373 
6esq_A,244,6esq_C,66,9.037508010864258 
6esq_A,244,6esq_C,67,10.328910827636719 
6esq_A,244,6esq_C,68,7.628203392028809 
6esq_A,244,6esq_C,69,6.486372470855713 
6esq_A,244,6esq_C,70,10.261784553527832 
6esq_A,244,6esq_C,71,11.273674011230469 
6esq_A,244,6esq_C,72,9.558996200561523 
6esq_A,244,6esq_C,73,8.881803512573242 
6esq_A,244,6esq_C,74,5.552143573760986 
6esq_A,244,6esq_C,75,5.747921943664551 
6esq_A,244,6esq_C,76,8.325289726257324 
6esq_A,244,6esq_C,77,8.685599327087402 
6esq_A,244,6esq_C,78,9.682047843933105 
6esq_A,245,6esq_C,62,11.102237701416016 
6esq_A,245,6esq_C,63,11.750792503356934 
6esq_A,245,6esq_C,64,10.654891014099121 
6esq_A,245,6esq_C,65,6.895386695861816 
6esq_A,245,6esq_C,66,7.610689163208008 
6esq_A,245,6esq_C,67,9.66731071472168 
6esq_A,245,6esq_C,68,8.016806602478027 
6esq_A,245,6esq_C,69,5.278123378753662 
6esq_A,245,6esq_C,70,8.456772804260254 
6esq_A,245,6esq_C,71,10.622310638427734 
6esq_A,245,6esq_C,72,9.156908988952637 
6esq_A,245,6esq_C,73,9.940690994262695 
6esq_A,245,6esq_C,74,7.424956321716309 
6esq_A,245,6esq_C,75,8.829536437988281 
6esq_A,245,6esq_C,76,11.166597366333008 
6esq_A,245,6esq_C,77,11.723101615905762 
6esq_A,245,6esq_C,78,11.793009757995605 
6esq_A,246,6esq_C,60,11.090210914611816 
6esq_A,246,6esq_C,61,10.520162582397461 
6esq_A,246,6esq_C,62,8.1064453125 
6esq_A,246,6esq_C,63,9.314201354980469 
6esq_A,246,6esq_C,64,9.302876472473145 
6esq_A,246,6esq_C,65,5.750548839569092 
6esq_A,246,6esq_C,66,5.843845367431641 
6esq_A,246,6esq_C,67,9.089071273803711 
6esq_A,246,6esq_C,68,8.835763931274414 
6esq_A,246,6esq_C,69,6.643402576446533 
6esq_A,246,6esq_C,70,9.075525283813477 
6esq_A,246,6esq_C,71,11.920284271240234 
6esq_A,246,6esq_C,72,11.598456382751465 
6esq_A,246,6esq_C,74,10.367361068725586 
6esq_A,246,6esq_C,75,11.65421199798584 
6esq_A,246,6esq_C,78,11.953695297241211 
6esq_A,247,6esq_C,62,11.047603607177734 
6esq_A,247,6esq_C,65,9.476156234741211 
6esq_A,247,6esq_C,66,8.523698806762695 
6esq_A,247,6esq_C,67,11.773571968078613 
6esq_A,247,6esq_C,68,11.863479614257812 
6esq_A,247,6esq_C,69,8.849711418151855 
6esq_A,247,6esq_C,70,10.381695747375488 
6esq_A,248,6esq_C,66,11.968342781066895 
6esq_A,248,6esq_C,69,11.553664207458496 
6esq_A,250,6esq_C,66,11.757211685180664 
6esq_A,250,6esq_C,69,9.30375862121582 
6esq_A,250,6esq_C,70,10.680521965026855 
6esq_A,250,6esq_C,72,11.548834800720215 
6esq_A,250,6esq_C,74,11.899771690368652 
6esq_A,251,6esq_C,69,10.540703773498535 
6esq_A,251,6esq_C,74,11.321457862854004 
6esq_A,257,6esq_C,75,11.225744247436523 
6esq_A,258,6esq_C,74,9.767241477966309 
6esq_A,258,6esq_C,75,8.190393447875977 
6esq_A,258,6esq_C,76,11.733433723449707 
6esq_A,259,6esq_C,65,10.79948616027832 
6esq_A,259,6esq_C,69,11.822476387023926 
6esq_A,259,6esq_C,74,8.674521446228027 
6esq_A,259,6esq_C,75,6.5960259437561035 
6esq_A,259,6esq_C,76,9.36396598815918 
6esq_A,259,6esq_C,77,9.057912826538086 
6esq_A,259,6esq_C,78,11.519205093383789 
6esq_A,260,6esq_C,75,10.163769721984863 
6esq_A,260,6esq_C,77,11.603283882141113 
6esq_A,261,6esq_C,75,10.334503173828125 
6esq_A,262,6esq_C,74,10.5421781539917 
6esq_A,262,6esq_C,75,7.59938907623291 
6esq_A,262,6esq_C,76,9.846965789794922 
6esq_A,262,6esq_C,77,10.203349113464355 
6esq_A,263,6esq_C,74,11.998836517333984 
6esq_A,263,6esq_C,75,9.009208679199219 
6esq_A,263,6esq_C,76,10.131186485290527 
6esq_A,263,6esq_C,77,9.055244445800781 
6esq_A,266,6esq_C,75,11.791600227355957 
6esq_A,266,6esq_C,77,11.838179588317871 
6esq_A,266,6esq_C,103,11.396501541137695 
6esq_A,267,6esq_C,103,11.950453758239746 
6esq_A,270,6esq_C,103,10.267597198486328 
6esq_A,338,6esq_C,62,11.815159797668457 
6esq_A,339,6esq_C,62,11.91039752960205 
6esq_A,376,6esq_C,62,11.363818168640137 
6esq_A,376,6esq_C,65,11.529431343078613 
6esq_A,377,6esq_C,61,10.452536582946777 
6esq_A,377,6esq_C,62,7.632320404052734 
6esq_A,377,6esq_C,63,10.967422485351562 
6esq_A,377,6esq_C,64,10.331327438354492 
6esq_A,377,6esq_C,65,8.748758316040039 
6esq_A,377,6esq_C,66,11.485360145568848 
6esq_A,377,6esq_C,78,11.73648452758789 
6esq_A,377,6esq_C,79,11.403172492980957 
6esq_A,378,6esq_C,60,11.80776309967041 
6esq_A,378,6esq_C,61,9.551617622375488 
6esq_A,378,6esq_C,62,7.510383605957031 
6esq_A,378,6esq_C,63,10.947172164916992 
6esq_A,378,6esq_C,64,11.2816801071167 
6esq_A,378,6esq_C,65,8.990510940551758 
6esq_A,378,6esq_C,66,10.607685089111328 
6esq_A,379,6esq_C,62,10.717131614685059 
6esq_A,379,6esq_C,65,10.543718338012695 
6esq_A,380,6esq_C,62,10.858817100524902 
6esq_A,380,6esq_C,65,9.234408378601074 
6esq_A,380,6esq_C,66,11.73457145690918 
6esq_A,380,6esq_C,69,11.731377601623535 
6esq_A,380,6esq_C,74,11.956955909729004 
6esq_A,380,6esq_C,75,11.326058387756348 
6esq_A,381,6esq_C,61,11.564088821411133 
6esq_A,381,6esq_C,62,8.184675216674805 
6esq_A,381,6esq_C,63,10.117361068725586 
6esq_A,381,6esq_C,64,8.822281837463379 
6esq_A,381,6esq_C,65,5.479423522949219 
6esq_A,381,6esq_C,66,8.069028854370117 
6esq_A,381,6esq_C,67,10.541123390197754 
6esq_A,381,6esq_C,68,9.144637107849121 
6esq_A,381,6esq_C,69,8.324224472045898 
6esq_A,381,6esq_C,70,11.710468292236328 
6esq_A,381,6esq_C,74,9.471525192260742 
6esq_A,381,6esq_C,75,9.508279800415039 
6esq_A,381,6esq_C,76,11.169291496276855 
6esq_A,381,6esq_C,77,10.0206880569458 
6esq_A,381,6esq_C,78,9.935653686523438 
6esq_A,381,6esq_C,79,11.445842742919922 
6esq_A,382,6esq_C,62,8.53609848022461 
6esq_A,382,6esq_C,63,10.492119789123535 
6esq_A,382,6esq_C,64,8.336926460266113 
6esq_A,382,6esq_C,65,6.286790370941162 
6esq_A,382,6esq_C,66,9.876283645629883 
6esq_A,382,6esq_C,67,11.537379264831543 
6esq_A,382,6esq_C,68,9.801501274108887 
6esq_A,382,6esq_C,69,10.364900588989258 
6esq_A,382,6esq_C,74,10.059514045715332 
6esq_A,382,6esq_C,75,9.133044242858887 
6esq_A,382,6esq_C,76,9.990401268005371 
6esq_A,382,6esq_C,77,7.753543853759766 
6esq_A,382,6esq_C,78,8.054137229919434 
6esq_A,382,6esq_C,79,9.092365264892578 
6esq_A,382,6esq_C,80,11.218281745910645 
6esq_A,383,6esq_C,62,11.83249568939209 
6esq_A,383,6esq_C,64,11.674980163574219 
6esq_A,383,6esq_C,65,10.033629417419434 
6esq_A,383,6esq_C,75,10.175732612609863 
6esq_A,383,6esq_C,76,11.22496223449707 
6esq_A,383,6esq_C,77,8.822578430175781 
6esq_A,383,6esq_C,78,10.235766410827637 
6esq_A,383,6esq_C,79,11.008162498474121 
6esq_A,384,6esq_C,77,9.25151252746582 
6esq_A,384,6esq_C,78,10.793636322021484 
6esq_A,384,6esq_C,79,10.787490844726562 
6esq_A,385,6esq_C,77,11.814531326293945 
6esq_C,119,6esq_H,64,11.410563468933105 
6esq_C,119,6esq_H,65,10.7056245803833 
6esq_C,120,6esq_H,62,11.91628646850586 
6esq_C,120,6esq_H,63,10.89448070526123 
6esq_C,120,6esq_H,64,8.13674545288086 
6esq_C,120,6esq_H,65,8.351454734802246 
6esq_C,120,6esq_H,66,11.322892189025879 
6esq_C,121,6esq_H,63,11.807197570800781 
6esq_C,121,6esq_H,64,9.594608306884766 
6esq_C,121,6esq_H,65,11.090849876403809 
6esq_C,122,6esq_H,62,9.59191608428955 
6esq_C,122,6esq_H,63,8.56883716583252 
6esq_C,122,6esq_H,64,6.730780124664307 
6esq_C,122,6esq_H,65,9.283120155334473 
6esq_C,122,6esq_H,66,11.540675163269043 
6esq_C,123,6esq_H,62,11.709460258483887 
6esq_C,123,6esq_H,63,9.48115348815918 
6esq_C,123,6esq_H,64,6.4846978187561035 
6esq_C,123,6esq_H,65,8.441694259643555 
6esq_C,123,6esq_H,66,9.786128044128418 
6esq_C,123,6esq_H,67,11.470305442810059 
6esq_C,124,6esq_H,64,10.223523139953613 
6esq_C,125,6esq_H,64,10.72724723815918 
6esq_C,126,6esq_H,63,10.921987533569336 
6esq_C,126,6esq_H,64,9.153192520141602 
6esq_C,127,6esq_H,64,11.795568466186523 
6esq_C,130,6esq_H,29,11.457440376281738 
6esq_C,130,6esq_H,87,10.38103199005127 
6esq_C,131,6esq_H,6,11.783331871032715 
6esq_C,131,6esq_H,87,11.522656440734863 
6esq_C,132,6esq_H,3,11.80998420715332 
6esq_C,132,6esq_H,5,11.233516693115234 
6esq_C,132,6esq_H,6,9.296773910522461 
6esq_C,132,6esq_H,9,10.146360397338867 
6esq_C,132,6esq_H,11,10.571189880371094 
6esq_C,132,6esq_H,12,9.354948043823242 
6esq_C,132,6esq_H,28,11.938586235046387 
6esq_C,132,6esq_H,29,9.42962646484375 
6esq_C,132,6esq_H,86,11.62121295928955 
6esq_C,132,6esq_H,87,10.309297561645508 
6esq_C,132,6esq_H,88,11.264944076538086 
6esq_C,132,6esq_H,122,11.269679069519043 
6esq_C,133,6esq_H,6,11.793965339660645 
6esq_C,133,6esq_H,9,11.41440486907959 
6esq_C,133,6esq_H,11,10.008161544799805 
6esq_C,133,6esq_H,12,8.83149528503418 
6esq_C,133,6esq_H,15,11.528555870056152 
6esq_C,133,6esq_H,28,9.70655345916748 
6esq_C,133,6esq_H,29,7.89117431640625 
6esq_C,133,6esq_H,30,11.297005653381348 
6esq_C,133,6esq_H,75,11.952332496643066 
6esq_C,133,6esq_H,76,11.92652416229248 
6esq_C,133,6esq_H,77,11.014030456542969 
6esq_C,133,6esq_H,85,11.103018760681152 
6esq_C,133,6esq_H,86,7.9785966873168945 
6esq_C,133,6esq_H,87,6.641068458557129 
6esq_C,133,6esq_H,88,8.120396614074707 
6esq_C,133,6esq_H,89,11.101201057434082 
6esq_C,133,6esq_H,110,11.819644927978516 
6esq_C,133,6esq_H,122,10.539594650268555 
6esq_C,133,6esq_H,123,10.785280227661133 
6esq_C,134,6esq_H,12,11.851232528686523 
6esq_C,134,6esq_H,29,11.291191101074219 
6esq_C,134,6esq_H,75,9.50055980682373 
6esq_C,134,6esq_H,76,10.104683876037598 
6esq_C,134,6esq_H,77,9.933005332946777 
6esq_C,134,6esq_H,85,11.956033706665039 
6esq_C,134,6esq_H,86,8.89515495300293 
6esq_C,134,6esq_H,87,6.1081695556640625 
6esq_C,134,6esq_H,88,7.540688514709473 
6esq_C,134,6esq_H,89,9.85720443725586 
6esq_C,134,6esq_H,110,11.630645751953125 
6esq_C,135,6esq_H,63,10.406710624694824 
6esq_C,135,6esq_H,64,9.314397811889648 
6esq_C,135,6esq_H,66,10.469240188598633 
6esq_C,135,6esq_H,67,10.440882682800293 
6esq_C,135,6esq_H,75,10.722870826721191 
6esq_C,135,6esq_H,87,9.443595886230469 
6esq_C,135,6esq_H,88,9.775139808654785 
6esq_C,135,6esq_H,89,10.96416187286377 
6esq_C,135,6esq_H,110,10.759705543518066 
6esq_C,135,6esq_H,111,10.74122142791748 
6esq_C,136,6esq_H,2,11.831298828125 
6esq_C,136,6esq_H,6,10.646208763122559 
6esq_C,136,6esq_H,12,10.096070289611816 
6esq_C,136,6esq_H,63,11.891775131225586 
6esq_C,136,6esq_H,64,10.679842948913574 
6esq_C,136,6esq_H,66,9.81259822845459 
6esq_C,136,6esq_H,67,9.957925796508789 
6esq_C,136,6esq_H,75,11.307710647583008 
6esq_C,136,6esq_H,87,9.599987030029297 
6esq_C,136,6esq_H,88,8.934751510620117 
6esq_C,136,6esq_H,89,9.988037109375 
6esq_C,136,6esq_H,109,11.461572647094727 
6esq_C,136,6esq_H,110,7.8003997802734375 
6esq_C,136,6esq_H,111,8.18814468383789 
6esq_C,136,6esq_H,112,10.983794212341309 
6esq_C,136,6esq_H,113,11.19124698638916 
6esq_C,136,6esq_H,119,11.932638168334961 
6esq_C,136,6esq_H,120,8.987213134765625 
6esq_C,136,6esq_H,121,10.06843090057373 
6esq_C,136,6esq_H,122,9.24133014678955 
6esq_C,136,6esq_H,123,10.827784538269043 
6esq_C,136,6esq_H,124,11.626243591308594 
6esq_C,137,6esq_H,12,10.347501754760742 
6esq_C,137,6esq_H,60,11.602980613708496 
6esq_C,137,6esq_H,63,10.771512031555176 
6esq_C,137,6esq_H,64,10.786444664001465 
6esq_C,137,6esq_H,66,10.331732749938965 
6esq_C,137,6esq_H,67,9.018352508544922 
6esq_C,137,6esq_H,70,11.361692428588867 
6esq_C,137,6esq_H,73,10.749380111694336 
6esq_C,137,6esq_H,74,10.235696792602539 
6esq_C,137,6esq_H,75,7.790892124176025 
6esq_C,137,6esq_H,76,9.724983215332031 
6esq_C,137,6esq_H,77,11.047924995422363 
6esq_C,137,6esq_H,86,10.445405006408691 
6esq_C,137,6esq_H,87,7.319523334503174 
6esq_C,137,6esq_H,88,5.698999404907227 
6esq_C,137,6esq_H,89,6.244707107543945 
6esq_C,137,6esq_H,90,10.0164155960083 
6esq_C,137,6esq_H,108,11.152109146118164 
6esq_C,137,6esq_H,109,10.083876609802246 
6esq_C,137,6esq_H,110,6.354743480682373 
6esq_C,137,6esq_H,111,7.8459906578063965 
6esq_C,137,6esq_H,112,11.364312171936035 
6esq_C,137,6esq_H,120,9.829055786132812 
6esq_C,137,6esq_H,121,9.9050931930542 
6esq_C,137,6esq_H,122,8.463391304016113 
6esq_C,137,6esq_H,123,8.954794883728027 
6esq_C,137,6esq_H,124,8.67095947265625 
6esq_C,137,6esq_H,125,11.431378364562988 
6esq_C,138,6esq_H,58,11.24302864074707 
6esq_C,138,6esq_H,59,11.007801055908203 
6esq_C,138,6esq_H,60,8.77542781829834 
6esq_C,138,6esq_H,61,11.323888778686523 
6esq_C,138,6esq_H,62,10.451903343200684 
6esq_C,138,6esq_H,63,7.08898401260376 
6esq_C,138,6esq_H,64,7.345080852508545 
6esq_C,138,6esq_H,65,9.879100799560547 
6esq_C,138,6esq_H,66,8.22830867767334 
6esq_C,138,6esq_H,67,6.562399864196777 
6esq_C,138,6esq_H,68,9.814735412597656 
6esq_C,138,6esq_H,69,11.501376152038574 
6esq_C,138,6esq_H,70,9.590263366699219 
6esq_C,138,6esq_H,71,10.52420425415039 
6esq_C,138,6esq_H,72,11.283890724182129 
6esq_C,138,6esq_H,73,9.118555068969727 
6esq_C,138,6esq_H,74,9.420244216918945 
6esq_C,138,6esq_H,75,7.436213493347168 
6esq_C,138,6esq_H,76,10.346243858337402 
6esq_C,138,6esq_H,87,9.4529390335083 
6esq_C,138,6esq_H,88,8.135696411132812 
6esq_C,138,6esq_H,89,7.567971706390381 
6esq_C,138,6esq_H,90,11.070728302001953 
6esq_C,138,6esq_H,109,11.807658195495605 
6esq_C,138,6esq_H,110,8.017362594604492 
6esq_C,138,6esq_H,111,8.032456398010254 
6esq_C,138,6esq_H,112,11.090947151184082 
6esq_C,138,6esq_H,120,11.612401962280273 
6esq_C,138,6esq_H,122,11.774879455566406 
6esq_C,138,6esq_H,124,11.344347953796387 
6esq_C,139,6esq_H,57,10.600716590881348 
6esq_C,139,6esq_H,58,9.283782958984375 
6esq_C,139,6esq_H,59,10.118844032287598 
6esq_C,139,6esq_H,60,8.297734260559082 
6esq_C,139,6esq_H,61,11.372734069824219 
6esq_C,139,6esq_H,62,10.556172370910645 
6esq_C,139,6esq_H,63,8.104074478149414 
6esq_C,139,6esq_H,64,8.889124870300293 
6esq_C,139,6esq_H,66,11.439675331115723 
6esq_C,139,6esq_H,67,9.821735382080078 
6esq_C,139,6esq_H,73,10.331488609313965 
6esq_C,139,6esq_H,74,9.576894760131836 
6esq_C,139,6esq_H,75,6.711466312408447 
6esq_C,139,6esq_H,76,8.86071491241455 
6esq_C,139,6esq_H,77,10.358723640441895 
6esq_C,139,6esq_H,86,11.764978408813477 
6esq_C,139,6esq_H,87,8.088441848754883 
6esq_C,139,6esq_H,88,8.223913192749023 
6esq_C,139,6esq_H,89,8.647613525390625 
6esq_C,139,6esq_H,90,11.864628791809082 
6esq_C,139,6esq_H,110,11.415410995483398 
6esq_C,139,6esq_H,111,11.836324691772461 
6esq_C,140,6esq_H,58,10.219253540039062 
6esq_C,140,6esq_H,59,10.813575744628906 
6esq_C,140,6esq_H,60,8.323958396911621 
6esq_C,140,6esq_H,61,10.562220573425293 
6esq_C,140,6esq_H,62,8.856976509094238 
6esq_C,140,6esq_H,63,7.176403999328613 
6esq_C,140,6esq_H,64,7.7943010330200195 
6esq_C,140,6esq_H,65,11.591450691223145 
6esq_C,140,6esq_H,66,11.949007987976074 
6esq_C,140,6esq_H,67,10.78238582611084 
6esq_C,140,6esq_H,74,11.808889389038086 
6esq_C,140,6esq_H,75,9.493267059326172 
6esq_C,140,6esq_H,76,11.668067932128906 
6esq_C,140,6esq_H,87,11.445181846618652 
6esq_C,140,6esq_H,88,11.969898223876953 
6esq_C,141,6esq_H,58,11.09627628326416 
6esq_C,141,6esq_H,60,10.505205154418945 
6esq_C,141,6esq_H,62,10.917387962341309 
6esq_C,141,6esq_H,63,10.24724006652832 
6esq_C,141,6esq_H,64,10.871661186218262 
6esq_C,141,6esq_H,75,11.716636657714844 
6esq_C,142,6esq_H,57,11.781356811523438 
6esq_C,142,6esq_H,58,9.094035148620605 
6esq_C,142,6esq_H,59,9.986002922058105 
6esq_C,142,6esq_H,60,8.277557373046875 
6esq_C,142,6esq_H,61,9.908295631408691 
6esq_C,142,6esq_H,62,8.865200996398926 
6esq_C,142,6esq_H,63,9.486176490783691 
6esq_C,142,6esq_H,64,11.261942863464355 
6esq_C,142,6esq_H,75,11.225509643554688 
6esq_C,143,6esq_H,56,10.865130424499512 
6esq_C,143,6esq_H,57,8.328219413757324 
6esq_C,143,6esq_H,58,5.824936866760254 
6esq_C,143,6esq_H,59,7.255222320556641 
6esq_C,143,6esq_H,60,6.253319263458252 
6esq_C,143,6esq_H,61,9.171806335449219 
6esq_C,143,6esq_H,62,9.178326606750488 
6esq_C,143,6esq_H,63,9.06733512878418 
6esq_C,143,6esq_H,64,11.341801643371582 
6esq_C,143,6esq_H,72,11.747243881225586 
6esq_C,143,6esq_H,73,10.651565551757812 
6esq_C,143,6esq_H,74,9.466154098510742 
6esq_C,143,6esq_H,75,7.551249027252197 
6esq_C,143,6esq_H,76,9.130041122436523 
6esq_C,143,6esq_H,77,10.935078620910645 
6esq_C,143,6esq_H,87,11.11655330657959 
6esq_C,143,6esq_H,88,11.736608505249023 
6esq_C,143,6esq_H,89,11.591317176818848 
6esq_C,144,6esq_H,56,9.942273139953613 
6esq_C,144,6esq_H,57,8.683073043823242 
6esq_C,144,6esq_H,58,7.731940269470215 
6esq_C,144,6esq_H,59,10.311714172363281 
6esq_C,144,6esq_H,60,9.881457328796387 
6esq_C,144,6esq_H,74,11.663663864135742 
6esq_C,144,6esq_H,75,8.814749717712402 
6esq_C,144,6esq_H,76,9.021598815917969 
6esq_C,144,6esq_H,77,9.456418991088867 
6esq_C,144,6esq_H,87,9.658636093139648 
6esq_C,144,6esq_H,88,11.48230266571045 
6esq_C,145,6esq_H,56,10.917880058288574 
6esq_C,145,6esq_H,57,10.119630813598633 
6esq_C,145,6esq_H,58,8.918967247009277 
6esq_C,145,6esq_H,59,11.522480010986328 
6esq_C,145,6esq_H,60,11.425993919372559 
6esq_C,145,6esq_H,75,11.729823112487793 
6esq_C,145,6esq_H,76,11.683405876159668 
6esq_C,145,6esq_H,77,11.996870994567871 
6esq_C,146,6esq_H,56,9.266050338745117 
6esq_C,146,6esq_H,57,7.73665714263916 
6esq_C,146,6esq_H,58,5.926689147949219 
6esq_C,146,6esq_H,59,8.437824249267578 
6esq_C,146,6esq_H,60,9.18101692199707 
6esq_C,146,6esq_H,61,11.647561073303223 
6esq_C,146,6esq_H,74,11.549460411071777 
6esq_C,146,6esq_H,75,10.112518310546875 
6esq_C,146,6esq_H,76,10.281071662902832 
6esq_C,146,6esq_H,77,11.485527038574219 
6esq_C,147,6esq_H,54,11.0693359375 
6esq_C,147,6esq_H,55,9.27049446105957 
6esq_C,147,6esq_H,56,5.770535945892334 
6esq_C,147,6esq_H,57,5.17893123626709 
6esq_C,147,6esq_H,58,5.407678127288818 
6esq_C,147,6esq_H,59,9.00687313079834 
6esq_C,147,6esq_H,60,10.485269546508789 
6esq_C,147,6esq_H,74,10.69444751739502 
6esq_C,147,6esq_H,75,8.658635139465332 
6esq_C,147,6esq_H,76,7.54517936706543 
6esq_C,147,6esq_H,77,8.055232048034668 
6esq_C,147,6esq_H,78,11.473443031311035 
6esq_C,147,6esq_H,87,10.59557819366455 
6esq_C,147,6esq_H,98,11.68907356262207 
6esq_C,147,6esq_H,99,10.496088981628418 
6esq_C,148,6esq_H,55,10.57287311553955 
6esq_C,148,6esq_H,56,7.811656475067139 
6esq_C,148,6esq_H,57,8.64672565460205 
6esq_C,148,6esq_H,58,9.14140510559082 
6esq_C,148,6esq_H,76,10.78761100769043 
6esq_C,148,6esq_H,77,10.211417198181152 
6esq_C,149,6esq_H,56,9.307756423950195 
6esq_C,149,6esq_H,57,9.58942699432373 
6esq_C,149,6esq_H,58,9.305476188659668 
6esq_C,150,6esq_H,54,11.843652725219727 
6esq_C,150,6esq_H,55,9.964146614074707 
6esq_C,150,6esq_H,56,6.696429252624512 
6esq_C,150,6esq_H,57,7.127645492553711 
6esq_C,150,6esq_H,58,7.646000385284424 
6esq_C,150,6esq_H,59,10.693381309509277 
6esq_C,150,6esq_H,76,10.784942626953125 
6esq_C,150,6esq_H,77,11.302465438842773 
6esq_C,150,6esq_H,98,10.143656730651855 
6esq_C,150,6esq_H,99,9.069517135620117 
6esq_C,151,6esq_H,54,10.720744132995605 
6esq_C,151,6esq_H,55,7.874238014221191 
6esq_C,151,6esq_H,56,5.735936641693115 
6esq_C,151,6esq_H,57,8.05574893951416 
6esq_C,151,6esq_H,58,9.90677261352539 
6esq_C,151,6esq_H,76,10.935434341430664 
6esq_C,151,6esq_H,77,10.213900566101074 
6esq_C,151,6esq_H,98,10.838544845581055 
6esq_C,151,6esq_H,99,8.459936141967773 
6esq_C,151,6esq_H,100,11.339972496032715 
6esq_C,152,6esq_H,55,11.440409660339355 
6esq_C,152,6esq_H,56,9.506509780883789 
6esq_C,152,6esq_H,57,11.488059997558594 
6esq_C,152,6esq_H,99,11.770448684692383 
6esq_C,153,6esq_H,56,10.414299964904785 
6esq_C,153,6esq_H,57,11.80037784576416 
6esq_C,153,6esq_H,99,11.153060913085938 
6esq_C,154,6esq_H,55,10.187451362609863 
6esq_C,154,6esq_H,56,8.849508285522461 
6esq_C,154,6esq_H,57,11.015521049499512 
6esq_C,154,6esq_H,98,10.243577003479004 
6esq_C,154,6esq_H,99,8.285009384155273 
6esq_C,154,6esq_H,100,10.846527099609375 
6esq_C,155,6esq_H,55,11.235111236572266 
6esq_C,155,6esq_H,56,10.7772216796875 
6esq_C,155,6esq_H,99,10.848884582519531 
6esq_C,195,6esq_H,60,11.714351654052734 
6esq_C,195,6esq_H,61,8.952804565429688 
6esq_C,195,6esq_H,62,9.737452507019043 
6esq_C,196,6esq_H,58,11.088532447814941 
6esq_C,196,6esq_H,59,9.024092674255371 
6esq_C,196,6esq_H,60,8.314352989196777 
6esq_C,196,6esq_H,61,6.287558555603027 
6esq_C,196,6esq_H,62,7.981813430786133 
6esq_C,196,6esq_H,63,11.486547470092773 
6esq_C,196,6esq_H,71,11.8137845993042 
6esq_C,196,6esq_H,72,10.295268058776855 
6esq_C,197,6esq_H,58,9.831968307495117 
6esq_C,197,6esq_H,59,8.23326587677002 
6esq_C,197,6esq_H,60,6.333879470825195 
6esq_C,197,6esq_H,61,5.054192543029785 
6esq_C,197,6esq_H,62,5.3455963134765625 
6esq_C,197,6esq_H,63,8.536635398864746 
6esq_C,197,6esq_H,64,11.603486061096191 
6esq_C,197,6esq_H,71,10.855236053466797 
6esq_C,197,6esq_H,72,9.85953140258789 
6esq_C,197,6esq_H,73,11.511995315551758 
6esq_C,198,6esq_H,57,9.728697776794434 
6esq_C,198,6esq_H,58,6.053354740142822 
6esq_C,198,6esq_H,59,5.22753381729126 
6esq_C,198,6esq_H,60,4.467741012573242 
6esq_C,198,6esq_H,61,5.718266010284424 
6esq_C,198,6esq_H,62,7.088076114654541 
6esq_C,198,6esq_H,63,8.966878890991211 
6esq_C,198,6esq_H,71,10.79793643951416 
6esq_C,198,6esq_H,72,9.220973014831543 
6esq_C,198,6esq_H,73,9.676314353942871 
6esq_C,198,6esq_H,74,9.489974021911621 
6esq_C,198,6esq_H,75,9.589432716369629 
6esq_C,198,6esq_H,76,11.72187328338623 
6esq_C,198,6esq_H,94,11.99924087524414 
6esq_C,199,6esq_H,56,11.512524604797363 
6esq_C,199,6esq_H,57,8.623398780822754 
6esq_C,199,6esq_H,58,5.390444755554199 
6esq_C,199,6esq_H,59,4.948990821838379 
6esq_C,199,6esq_H,60,6.617369174957275 
6esq_C,199,6esq_H,61,7.847479820251465 
6esq_C,199,6esq_H,62,10.271706581115723 
6esq_C,199,6esq_H,72,10.149822235107422 
6esq_C,199,6esq_H,73,10.466293334960938 
6esq_C,199,6esq_H,74,9.554230690002441 
6esq_C,199,6esq_H,75,10.28560733795166 
6esq_C,199,6esq_H,76,11.62990665435791 
6esq_C,199,6esq_H,94,10.404458999633789 
6esq_C,199,6esq_H,95,11.531421661376953 
6esq_C,199,6esq_H,97,11.775944709777832 
6esq_C,200,6esq_H,56,11.688735961914062 
6esq_C,200,6esq_H,57,9.628265380859375 
6esq_C,200,6esq_H,58,7.17269229888916 
6esq_C,200,6esq_H,59,7.752190589904785 
6esq_C,200,6esq_H,60,9.525290489196777 
6esq_C,200,6esq_H,61,10.5947265625 
6esq_C,201,6esq_H,57,11.900099754333496 
6esq_C,201,6esq_H,58,8.966437339782715 
6esq_C,201,6esq_H,59,9.286245346069336 
6esq_C,201,6esq_H,60,9.581952095031738 
6esq_C,201,6esq_H,61,10.04470157623291 
6esq_C,201,6esq_H,62,11.123616218566895 
6esq_C,202,6esq_H,58,11.842385292053223 
6esq_C,202,6esq_H,59,11.093605995178223 
6esq_C,202,6esq_H,60,10.61638355255127 
6esq_C,202,6esq_H,61,9.636282920837402 
6esq_C,202,6esq_H,62,10.365007400512695 
6esq_C,203,6esq_H,61,10.51026439666748 
6esq_C,203,6esq_H,62,9.950552940368652 
6esq_C,245,6esq_H,35,10.986393928527832 
6esq_C,247,6esq_H,28,10.903938293457031 
6esq_C,247,6esq_H,29,10.307605743408203 
6esq_C,247,6esq_H,77,10.640832901000977 
6esq_C,247,6esq_H,85,10.21928596496582 
6esq_C,247,6esq_H,86,9.216657638549805 
6esq_C,247,6esq_H,87,8.579565048217773 
6esq_C,247,6esq_H,88,11.979103088378906 
6esq_C,248,6esq_H,55,11.887269973754883 
6esq_C,248,6esq_H,56,11.037193298339844 
6esq_C,248,6esq_H,57,11.90135383605957 
6esq_C,248,6esq_H,76,10.755646705627441 
6esq_C,248,6esq_H,77,8.5660400390625 
6esq_C,248,6esq_H,78,11.546157836914062 
6esq_C,248,6esq_H,85,9.298857688903809 
6esq_C,248,6esq_H,86,8.97187614440918 
6esq_C,248,6esq_H,87,8.153690338134766 
6esq_C,248,6esq_H,88,11.691096305847168 
6esq_C,249,6esq_H,27,11.313742637634277 
6esq_C,249,6esq_H,28,9.608763694763184 
6esq_C,249,6esq_H,29,10.470172882080078 
6esq_C,249,6esq_H,54,11.652604103088379 
6esq_C,249,6esq_H,55,9.370861053466797 
6esq_C,249,6esq_H,56,9.632243156433105 
6esq_C,249,6esq_H,57,11.09766960144043 
6esq_C,249,6esq_H,75,11.741437911987305 
6esq_C,249,6esq_H,76,9.271339416503906 
6esq_C,249,6esq_H,77,6.1592206954956055 
6esq_C,249,6esq_H,78,8.283242225646973 
6esq_C,249,6esq_H,79,8.805638313293457 
6esq_C,249,6esq_H,80,11.196406364440918 
6esq_C,249,6esq_H,83,11.4028902053833 
6esq_C,249,6esq_H,84,8.348074913024902 
6esq_C,249,6esq_H,85,5.453018665313721 
6esq_C,249,6esq_H,86,5.672298908233643 
6esq_C,249,6esq_H,87,6.184191703796387 
6esq_C,249,6esq_H,88,9.909605026245117 
6esq_C,250,6esq_H,26,11.957273483276367 
6esq_C,250,6esq_H,27,9.19521427154541 
6esq_C,250,6esq_H,28,8.44392204284668 
6esq_C,250,6esq_H,29,9.411894798278809 
6esq_C,250,6esq_H,30,11.968791007995605 
6esq_C,250,6esq_H,35,11.073460578918457 
6esq_C,250,6esq_H,77,9.798701286315918 
6esq_C,250,6esq_H,78,11.141873359680176 
6esq_C,250,6esq_H,79,10.598851203918457 
6esq_C,250,6esq_H,83,10.920315742492676 
6esq_C,250,6esq_H,84,7.868868827819824 
6esq_C,250,6esq_H,85,6.6740546226501465 
6esq_C,250,6esq_H,86,7.831540584564209 
6esq_C,250,6esq_H,87,9.325845718383789 
6esq_C,251,6esq_H,77,11.007986068725586 
6esq_C,251,6esq_H,79,11.944570541381836 
6esq_C,251,6esq_H,84,10.22158145904541 
6esq_C,251,6esq_H,85,8.92611312866211 
6esq_C,251,6esq_H,86,10.679669380187988 
6esq_C,251,6esq_H,87,11.720600128173828 
6esq_C,252,6esq_H,79,11.809051513671875 
6esq_C,252,6esq_H,83,11.300028800964355 
6esq_C,252,6esq_H,84,10.174556732177734 
6esq_C,252,6esq_H,85,9.717700004577637 
6esq_C,253,6esq_H,55,11.245047569274902 
6esq_C,253,6esq_H,56,11.765024185180664 
6esq_C,253,6esq_H,85,11.301426887512207 
6esq_C,254,6esq_H,55,10.340675354003906 
6esq_C,254,6esq_H,56,9.651008605957031 
6esq_C,254,6esq_H,77,10.439839363098145 
6esq_C,254,6esq_H,85,11.290453910827637 
6esq_C,255,6esq_H,56,10.871480941772461 
